status,relative_path,label,filename_label,sha256,width,height,mode,format,reason
valid,0/zimage_topdown_v1_digit0_000.png,0,0,60f250fd989e6d92d3794f4a598e81884639ee37a7277001e2172a3fef509589,760,1280,RGB,PNG,
valid,0/zimage_topdown_v1_digit0_001.png,0,0,2b86f6fa7194f457b3f654076422258d56fff33e54fcc19d020285af848a5de5,760,1280,RGB,PNG,
valid,0/zimage_topdown_v1_digit0_002.png,0,0,85a17e21e3831281514c8769ef7eda8353b5061fa86987e167e1487df0694c39,760,1280,RGB,PNG,
valid,0/zimage_topdown_v1_digit0_003.png,0,0,acb2b6ac3ecda7b7791bb2a8b50e46fe69c06515c645d58d838d994ed7d8ef01,760,1280,RGB,PNG,
valid,0/zimage_topdown_v1_digit0_004.png,0,0,b71fc2c496114eb02138cbf2fb522295e3cdc2dc07ec759685a0b17232084144,760,1280,RGB,PNG,
valid,0/zimage_topdown_v1_digit0_005.png,0,0,1bf290f37db03c1a7036fc099d3328470dabc61c2375696df41c89cd49188df6,760,1280,RGB,PNG,
valid,0/zimage_topdown_v1_digit0_006.png,0,0,e025b0aefa945d534c59e45c38cfed0d11ddd2ca4075c1f87406b05a8c8e29ad,760,1280,RGB,PNG,
valid,0/zimage_topdown_v1_digit0_007.png,0,0,f50e2fa1a881772c24adb5b714c5c34ec3897499ec18ff852fe72e03383a788d,760,1280,RGB,PNG,
valid,0/zimage_topdown_v1_digit0_008.png,0,0,ed5afe4f4ea7afd9d1ab93fbf4dc4e3370e6c62dfde128c14b12c8f2ee43583a,760,1280,RGB,PNG,
valid,0/zimage_topdown_v1_digit0_009.png,0,0,352a8d537db712a4d04de041b4588d6deda0801ca0facb0e3ab6605810e359c3,760,1280,RGB,PNG,
valid,0/zimage_topdown_v1_digit0_010.png,0,0,052874899bba5daa71ce0b13d813088f4b5e7fe0046ae15398ec572996b17326,760,1280,RGB,PNG,
valid,0/zimage_topdown_v1_digit0_011.png,0,0,c007420aa865f73d9def36967429dbe26eb9fe357d02694a2b7c544524474682,760,1280,RGB,PNG,
valid,0/zimage_topdown_v1_digit0_012.png,0,0,254325c3e5515b0ced2de41dc2b78cb9355c8aaa2b1496a27f4b930f8b0f7882,760,1280,RGB,PNG,
valid,0/zimage_topdown_v1_digit0_013.png,0,0,650b2bd5df9aea0c2c01004388fae09b5d4a65d15301d1bb8e05b179da9e645a,760,1280,RGB,PNG,
valid,0/zimage_topdown_v1_digit0_014.png,0,0,f7d1453b8d6026c0b264c02eb4c6b856e55e0548a23cdb0c1aa0997f495fc49d,760,1280,RGB,PNG,
valid,0/zimage_topdown_v1_digit0_015.png,0,0,6dc8f8b56bb73f780d7910d570afae09bbb87f7f9abd2443b4bc380801469eb2,760,1280,RGB,PNG,
valid,0/zimage_topdown_v1_digit0_016.png,0,0,9954392e2b99691f1ac0b69cb694889d0b57b7baeb1c1dcbffe89af434e4c8b0,760,1280,RGB,PNG,
valid,0/zimage_topdown_v1_digit0_017.png,0,0,742cbbf585f0327175e991f6fa685b6d177826ed2b9b32ddb37eafd556b31aa7,760,1280,RGB,PNG,
valid,0/zimage_topdown_v1_digit0_018.png,0,0,08b1d14cbcb954bf44a5548ec22bb55fc74c14facbb06392c5f5dd0d47de35ae,760,1280,RGB,PNG,
valid,0/zimage_topdown_v1_digit0_019.png,0,0,faab82d2bdc363484cef46b8e5e996be49713f4c470e44ea74b145b32920ead9,760,1280,RGB,PNG,
valid,0/zimage_topdown_v1_digit0_020.png,0,0,864b7db5a8b251156729a8ad1dc503ca038f87de46ac0247574c9e3444f33c1f,760,1280,RGB,PNG,
valid,0/zimage_topdown_v1_digit0_021.png,0,0,1a4398af246d53a7dae85b293371c4fe40c2ffaaf925e5602c8c61f9cf2d332d,760,1280,RGB,PNG,
valid,0/zimage_topdown_v1_digit0_022.png,0,0,d3f3ecee163aab57ec73494c166e146844ee9d4ed3d827ca355421b4b2fca556,760,1280,RGB,PNG,
valid,0/zimage_topdown_v1_digit0_023.png,0,0,c9ac9ac2f52c576486c2fa3e84d43c40f32b0ee242399cbcda3f168a485c2393,760,1280,RGB,PNG,
valid,0/zimage_topdown_v1_digit0_024.png,0,0,2d3499c79b985b288a9f74e1945bd727cd4ee15cb9e33b2022e9b88dbcfcc703,760,1280,RGB,PNG,
valid,0/zimage_topdown_v1_digit0_025.png,0,0,bc22b25a41eea96b29e3492e21bf29f64dd84afdbf2b3f77244dc516b741293e,760,1280,RGB,PNG,
valid,0/zimage_topdown_v1_digit0_026.png,0,0,ba4dbb14dca438e37f090986649602b1e721c3fa72dc4c98f6fb87fb3304ec1d,760,1280,RGB,PNG,
valid,0/zimage_topdown_v1_digit0_027.png,0,0,06b38f870b80fbeb23fb5badf41bb2d2af41bbe547169e993ed08b2ed65d9ceb,760,1280,RGB,PNG,
valid,0/zimage_topdown_v1_digit0_028.png,0,0,b277c4ab3a5806f0b7eb2067d9e4e2491bcd7bfb158ba31f06cddde75aa2af04,760,1280,RGB,PNG,
valid,0/zimage_topdown_v1_digit0_029.png,0,0,668169d440f5e19e0364ca25aacc86bf0921cc0e9a2d1c52e779f44704e4fa73,760,1280,RGB,PNG,
valid,0/zimage_topdown_v1_digit0_030.png,0,0,2a371a840044c14a03a5a3fa8355aa89f68474379873348ff48323e475fa20ef,760,1280,RGB,PNG,
valid,0/zimage_topdown_v1_digit0_031.png,0,0,f5159e12433cb0d97aff9653b2c0a18fbe6a6ca614fd48b204572cf77ad009db,760,1280,RGB,PNG,
valid,0/zimage_topdown_v1_digit0_032.png,0,0,d79492c3f8afa42e982534bda56b25cede2b284ef2c79894c6f78cf36aeac728,760,1280,RGB,PNG,
valid,0/zimage_topdown_v1_digit0_033.png,0,0,a0ebe12d057804350b0f532f39a2e4d6e67adc2b303110d6cd4e622a0d62aa1a,760,1280,RGB,PNG,
valid,0/zimage_topdown_v1_digit0_034.png,0,0,858e91ef1cb29ce37a8698f998ad5726a64718520e885532350a9f91602f9b58,760,1280,RGB,PNG,
valid,0/zimage_topdown_v1_digit0_035.png,0,0,98d55ecc12c08a6060d585730bcf574dd5544146d7f4e8245f2d674d5d7ad327,760,1280,RGB,PNG,
valid,0/zimage_topdown_v1_digit0_036.png,0,0,8fc8686aa2e8d58bd59c292119256e9a6cd1ef60e4289c2c4c825bd9279fb60f,760,1280,RGB,PNG,
valid,0/zimage_topdown_v1_digit0_037.png,0,0,afdf36b97e3a892c0161d0a937b8e1836d05764388a4b307b2c4644a267e8011,760,1280,RGB,PNG,
valid,0/zimage_topdown_v1_digit0_038.png,0,0,fdd5b6de5cfaf72e68df984cee13dcb2f8d32add9f8e200f69b7e281876893d7,760,1280,RGB,PNG,
valid,0/zimage_topdown_v1_digit0_039.png,0,0,1253f6d1ae6fab9298af3df75ddba956e9220318379aaf49ece61dced2d3d01f,760,1280,RGB,PNG,
valid,0/zimage_topdown_v1_digit0_040.png,0,0,f9d1780b066e3bf9a22c2509a26b6ee3323a897f2dd3e5e6caf10635a7b367dd,760,1280,RGB,PNG,
valid,0/zimage_topdown_v1_digit0_041.png,0,0,de32acc62c6e6cddb8505f15ccb09974adbd8e13e5b5a8d30bca95fa1113be7b,760,1280,RGB,PNG,
valid,0/zimage_topdown_v1_digit0_042.png,0,0,1a64750f3d57cec5a66723861e674165e4fdd510203d0e051af5292db44db61a,760,1280,RGB,PNG,
valid,0/zimage_topdown_v1_digit0_043.png,0,0,18a01edcdc897d67252e36a90a652a37c000c88d81ba9f1c1c94d65fcc5f4001,760,1280,RGB,PNG,
valid,0/zimage_topdown_v1_digit0_044.png,0,0,4a2a894122aad11f403ad085b76ba2356953ba263b7ffe1293a072c9a0988dd1,760,1280,RGB,PNG,
valid,0/zimage_topdown_v1_digit0_045.png,0,0,e5a6e7c48fc587659eca5ee67bb85720ef2683c3eac290aec24d8a1b5ceef115,760,1280,RGB,PNG,
valid,0/zimage_topdown_v1_digit0_046.png,0,0,323dd4f9af91b873744f850a847936c05725ffdb889d0686012706cd7ba8bbef,760,1280,RGB,PNG,
valid,0/zimage_topdown_v1_digit0_047.png,0,0,80099bec7e2e9cf928eae21c62ff6e45a493a439eb2b2da823bb1bf2b1a94c08,760,1280,RGB,PNG,
valid,0/zimage_topdown_v1_digit0_048.png,0,0,80909fc7ab3ad4884c5131282d97e77b2d56398d2f5050c2dd15621a074b94ab,760,1280,RGB,PNG,
valid,0/zimage_topdown_v1_digit0_049.png,0,0,254754d94c681fed1fdcc62c8fcc280e87f18e757e2d853b3adcbc9f6f47558e,760,1280,RGB,PNG,
valid,1/zimage_topdown_v1_digit1_000.png,1,1,c8f2930f5a5bfb4a74576b8124f89c0c6c85ef868cf52d9258401c9114a1073c,760,1280,RGB,PNG,
valid,1/zimage_topdown_v1_digit1_001.png,1,1,173c40998d83bee548098be5e0b5bb22714415508ae282a553bb38aa36b62b83,760,1280,RGB,PNG,
valid,1/zimage_topdown_v1_digit1_002.png,1,1,9dd2fde9aed17c9132b37fa5c2ebf10e7a833a01c94aa137d151688a79a08200,760,1280,RGB,PNG,
valid,1/zimage_topdown_v1_digit1_003.png,1,1,65bf63e3a867de092c0c6e90dfb09429b509b1db6fff3f61ca4041647512aa75,760,1280,RGB,PNG,
valid,1/zimage_topdown_v1_digit1_004.png,1,1,12b3329df499ce6f6e930fea00a2f58e190b20203956e6918af5fe45e7f8bddd,760,1280,RGB,PNG,
valid,1/zimage_topdown_v1_digit1_005.png,1,1,636b7cf5fd385f947bdca87daeb240e001944794dc801f17fb91316fc19ba83e,760,1280,RGB,PNG,
valid,1/zimage_topdown_v1_digit1_006.png,1,1,40f8a78b4154c3cc1fc170c7d9d51cece52c1fba0d64837020365a5b195404b8,760,1280,RGB,PNG,
valid,1/zimage_topdown_v1_digit1_007.png,1,1,96dea12b6a9dae2850d36c55beb036a6117e0540e7b461adcf608d383ed1b70b,760,1280,RGB,PNG,
valid,1/zimage_topdown_v1_digit1_008.png,1,1,8f444b7aa02996df05cf0bcb73d4bfcbd01964872a947ce4b255d1a34d4229bc,760,1280,RGB,PNG,
valid,1/zimage_topdown_v1_digit1_009.png,1,1,c5e77226abe421c153def9108967df6122ffffc4c869d693f27c84b86baa7498,760,1280,RGB,PNG,
valid,1/zimage_topdown_v1_digit1_010.png,1,1,9f8298b463ab50be9a520124e7639ee0429562bf7703431af6025bc0348b086a,760,1280,RGB,PNG,
valid,1/zimage_topdown_v1_digit1_011.png,1,1,9cf4b9e4c8eb3bb23fc7676bd31c7ec8b2b0606c1e6835bb357eefa7d0032dd4,760,1280,RGB,PNG,
valid,1/zimage_topdown_v1_digit1_012.png,1,1,6e1704a0c5c19e0b0dd1a7beba11f472a2c85082f8014196d57458befa99a067,760,1280,RGB,PNG,
valid,1/zimage_topdown_v1_digit1_013.png,1,1,142609478b48718dfe1b068b9b192a151dd91fcfce92f71fdad615ae91ba9a54,760,1280,RGB,PNG,
valid,1/zimage_topdown_v1_digit1_014.png,1,1,e9dbc03e5a415e98a8aeafa13e2947e673b23479f784870740c5fa4c994411e8,760,1280,RGB,PNG,
valid,1/zimage_topdown_v1_digit1_015.png,1,1,31435672f6342e761745ab15132b923fe49ec856a38b95ce445a02da26996b5f,760,1280,RGB,PNG,
valid,1/zimage_topdown_v1_digit1_016.png,1,1,2d620d5932646c62a0e0161c3ade9e0a5c9e4b034fa34293a0ba8d929dd1da70,760,1280,RGB,PNG,
valid,1/zimage_topdown_v1_digit1_017.png,1,1,5c8a5768a1db74afe908a745cad72edba6e09dc5cd53fefd09aef5371f243b50,760,1280,RGB,PNG,
valid,1/zimage_topdown_v1_digit1_018.png,1,1,81dc79c32fc11ec1f86fa77447afb244eb168ddadaeab346112da4cf0f016329,760,1280,RGB,PNG,
valid,1/zimage_topdown_v1_digit1_019.png,1,1,f05362f43f5f3e6c2196078b9484d7d4533a42911148185f43a097324fed03a9,760,1280,RGB,PNG,
valid,1/zimage_topdown_v1_digit1_020.png,1,1,9e18fc01be022e41b5748e088ead869850cb21dbcd2080c2ef205e045ab2651c,760,1280,RGB,PNG,
valid,1/zimage_topdown_v1_digit1_021.png,1,1,a5a121503f496915fc970879ada6b2da1186ecab76eec35ebd75d05ce4f320b2,760,1280,RGB,PNG,
valid,1/zimage_topdown_v1_digit1_022.png,1,1,ae23d8c5ea917815066e051cc0e2f669690d737f8c8c65456a37cce2860d2c9f,760,1280,RGB,PNG,
valid,1/zimage_topdown_v1_digit1_023.png,1,1,95346d4f958a859b93ff36a7638992d19cadb260defc459b0d347a84bba7dd7d,760,1280,RGB,PNG,
valid,1/zimage_topdown_v1_digit1_024.png,1,1,0609fefb92316ad9f0eac5404595cfc3d717429cc55f649556d07f528e135f28,760,1280,RGB,PNG,
valid,1/zimage_topdown_v1_digit1_025.png,1,1,f94f614a00598b7a81c478dc52c072dba4e4c5d53afc9bbc05d9126b9e068224,760,1280,RGB,PNG,
valid,1/zimage_topdown_v1_digit1_026.png,1,1,dbf2afeead23ca9e8a1da90d71953571d5b74e57ac2a79d922b2728281ef5d2f,760,1280,RGB,PNG,
valid,1/zimage_topdown_v1_digit1_027.png,1,1,540b2a9842c596afb9f2b264f741e24f2fe9d37d37de26a826f1eb5e1eadd3cb,760,1280,RGB,PNG,
valid,1/zimage_topdown_v1_digit1_028.png,1,1,f9cc20ab4fd802d5d559ad163592ea86f22a4df74fa0f82d6505ffe3e930db8f,760,1280,RGB,PNG,
valid,1/zimage_topdown_v1_digit1_029.png,1,1,84645bc7cdfcad6d334df27392d95b49078b1a0571ed24dfa7c45442ef8254af,760,1280,RGB,PNG,
valid,1/zimage_topdown_v1_digit1_030.png,1,1,1f71308ff9967dff24f7a29e37de5df0ac65481258868bd0de80dbde96aa0049,760,1280,RGB,PNG,
valid,1/zimage_topdown_v1_digit1_031.png,1,1,f2709b2aa03294744422f6c648bff5280ac86e423c55d77f9cd1f2d05d278c21,760,1280,RGB,PNG,
valid,1/zimage_topdown_v1_digit1_032.png,1,1,babba91576d3397b52f572516c964cb0989d5300625a6193d74a7a00206bc23f,760,1280,RGB,PNG,
valid,1/zimage_topdown_v1_digit1_033.png,1,1,ab850cfd29706b91364f32cb202c76c3bc7dddcce4aa7e48958b78de0c9722c2,760,1280,RGB,PNG,
valid,1/zimage_topdown_v1_digit1_034.png,1,1,1132e4f9a7ae565c037c29bb4044547191ba570d65e10331bbc7ce3127e62ea4,760,1280,RGB,PNG,
valid,1/zimage_topdown_v1_digit1_035.png,1,1,a78b2868d6a31d9cbccd58600e6b67399e9d96444ced472853d294ebfe324f41,760,1280,RGB,PNG,
valid,1/zimage_topdown_v1_digit1_036.png,1,1,ebcc91dd839e8284cb383c860a7a6dadd39faa4b9db24f5bd4424985f62c5e2c,760,1280,RGB,PNG,
valid,1/zimage_topdown_v1_digit1_037.png,1,1,100a00bb41d5295cfb3c81382dda4b0cdc5b9dc484cbd554512131bfc2fcf0b2,760,1280,RGB,PNG,
valid,1/zimage_topdown_v1_digit1_038.png,1,1,bd021ca44d47ee32d7a24e472d379834e781983880115e616bd8ccf36b008acf,760,1280,RGB,PNG,
valid,1/zimage_topdown_v1_digit1_039.png,1,1,82e32f77804e7fa2187d390c17b432d66cd42801925a720dd8e6e107b147b152,760,1280,RGB,PNG,
valid,1/zimage_topdown_v1_digit1_040.png,1,1,077ab4a2213c7c9a990dfc7107e50576a6539d521c109ac0c4fa9c55b11800f4,760,1280,RGB,PNG,
valid,1/zimage_topdown_v1_digit1_041.png,1,1,24b82f573509588f8c859c5758389197acb9ac9cb3fe9deefcc2d3ae4a014e15,760,1280,RGB,PNG,
valid,1/zimage_topdown_v1_digit1_042.png,1,1,3b7a9fce0f89893457396bb21451841ea9029cc535ffed0e2aaa928aa1a4c04f,760,1280,RGB,PNG,
valid,1/zimage_topdown_v1_digit1_043.png,1,1,24934afd71d30fbf44fdf34a33649a3e5d456b79f94ce4c174e1a0368deb99bc,760,1280,RGB,PNG,
valid,1/zimage_topdown_v1_digit1_044.png,1,1,b5c57e973af4132abb637e924c0ca5ee819bb58e9dff69cbfa5821d1493d5449,760,1280,RGB,PNG,
valid,1/zimage_topdown_v1_digit1_045.png,1,1,a19a3bae723894e7f955cf7da596b9c3170a246681bfd26bac419d098613a042,760,1280,RGB,PNG,
valid,1/zimage_topdown_v1_digit1_046.png,1,1,3c8299ed532abb195016ee2aa0c36d62032d8d9ae53698433bac2557e631f4a3,760,1280,RGB,PNG,
valid,1/zimage_topdown_v1_digit1_047.png,1,1,338350eeabdff9fe691add3e95034eddf76ffe383b5171bfd2ce419a6b2977ff,760,1280,RGB,PNG,
valid,1/zimage_topdown_v1_digit1_048.png,1,1,fc7aeb20d1f925959004ce9ca2ce9f2eec2d12ba5390ecfbe3960dffd96cb93c,760,1280,RGB,PNG,
valid,1/zimage_topdown_v1_digit1_049.png,1,1,d18fe64b088105c38fb7b13724444910de423f94a4ea514e58668681d645ef66,760,1280,RGB,PNG,
valid,2/zimage_topdown_v1_digit2_000.png,2,2,faab7e97bece348074f59457510fdb70fa072543e9f240bb20dd095242920db1,760,1280,RGB,PNG,
valid,2/zimage_topdown_v1_digit2_001.png,2,2,e01f130f99612eaff24b358bb1e6ed5050f16f490066bd0627d734a939c957c2,760,1280,RGB,PNG,
valid,2/zimage_topdown_v1_digit2_002.png,2,2,1997694d7f0817e6d680c4c0f3fb5c2011fbc8a506f61881ab35e117dc94f6a1,760,1280,RGB,PNG,
valid,2/zimage_topdown_v1_digit2_003.png,2,2,15cc48a9ef067850d279a761e1c1a3f61270b7b09c44ad3840b0e1d9c388ea6c,760,1280,RGB,PNG,
valid,2/zimage_topdown_v1_digit2_004.png,2,2,24b777fc6e02f86e0b74aa6adbe54ea0ca3c1106a4de28ae27331d6197624aa6,760,1280,RGB,PNG,
valid,2/zimage_topdown_v1_digit2_005.png,2,2,290475c01d36e34e6f826df6ab829002d02e90d2662c29ffa065bdf2d609ba18,760,1280,RGB,PNG,
valid,2/zimage_topdown_v1_digit2_006.png,2,2,50038699b69ecae9a350bea80f60c91079d00365de2c210c43900e206a450d70,760,1280,RGB,PNG,
valid,2/zimage_topdown_v1_digit2_007.png,2,2,c8584ec92480e6295f45a6b22deaaab95d4f02269f3d733950b39579b2fb4771,760,1280,RGB,PNG,
valid,2/zimage_topdown_v1_digit2_008.png,2,2,c9e1e2df312f08afb711208e07eb4224c94f5436b0149759b9c88ab66343da27,760,1280,RGB,PNG,
valid,2/zimage_topdown_v1_digit2_009.png,2,2,57d08708ce1b9d0fe840ab605c3ed83cbd43ade184c9b8045df9fe8a02d382b0,760,1280,RGB,PNG,
valid,2/zimage_topdown_v1_digit2_010.png,2,2,b08e7970efcf6de62b8d1cf03effbd210ad4c9e152c209e567aee5558344b159,760,1280,RGB,PNG,
valid,2/zimage_topdown_v1_digit2_011.png,2,2,dfd38004b9b2645f5760fcad0991a8bfd7e68e211e970fab467f86711c6ea939,760,1280,RGB,PNG,
valid,2/zimage_topdown_v1_digit2_012.png,2,2,202d53758f0e18de3352a3df3b9366a4ed1675de7678043a676e97a277b88bbe,760,1280,RGB,PNG,
valid,2/zimage_topdown_v1_digit2_013.png,2,2,fb912d0d88e6c366c96508c0c2ded13bdc75b8d84b84d0100c17a912b149ef4b,760,1280,RGB,PNG,
valid,2/zimage_topdown_v1_digit2_014.png,2,2,f967cbf1cc658c5d59712c52958aa0f1b61821b894d24c1b6db6f2c6c1545b4f,760,1280,RGB,PNG,
valid,2/zimage_topdown_v1_digit2_015.png,2,2,19780a65e3b390cdddcc40c653d5984a34517b16489a8026ed5fd06d993a2dbc,760,1280,RGB,PNG,
valid,2/zimage_topdown_v1_digit2_016.png,2,2,5bce7ca4bee11fba5f2d654cab5e1a198f33988567b718614a07b793ba6b6139,760,1280,RGB,PNG,
valid,2/zimage_topdown_v1_digit2_017.png,2,2,23dc84bb91adbce1f9c411cb8ae3842cf3ec9df4a3ab61985338a39ae07b0348,760,1280,RGB,PNG,
valid,2/zimage_topdown_v1_digit2_018.png,2,2,63df1c72b7846d5250cf751c5c114e270e799fcb7dbe3223524bff69149f2770,760,1280,RGB,PNG,
valid,2/zimage_topdown_v1_digit2_019.png,2,2,81c8abd2bd41a8880a58cc3dfe355acd698b9cbd7a5976306f8746ad92f0325d,760,1280,RGB,PNG,
valid,2/zimage_topdown_v1_digit2_020.png,2,2,7b2238222cd25b16bfc06833128e50853b1ec70cdba9e2973b3fb09a8ade0fb6,760,1280,RGB,PNG,
valid,2/zimage_topdown_v1_digit2_021.png,2,2,da1ae2d1eebb45c70219cd340ad130c44e3cc2a22c4a231c492b9ae9fe988968,760,1280,RGB,PNG,
valid,2/zimage_topdown_v1_digit2_022.png,2,2,065c0d8e5133c1d7d603b91880a9aacd9215c88fabc009c6daa386dfdc9d7eaf,760,1280,RGB,PNG,
valid,2/zimage_topdown_v1_digit2_023.png,2,2,43d351e9a98b0b99cd863ee16f27c1a49406ac606ba8da4e0dffb19d28e834a7,760,1280,RGB,PNG,
valid,2/zimage_topdown_v1_digit2_024.png,2,2,37dfdf492f0f772dfdaf9b321ba2fa078b9087d7df222da6719c615fb2467715,760,1280,RGB,PNG,
valid,2/zimage_topdown_v1_digit2_025.png,2,2,a1472316f5f619c323790f94dd2a4b9753056aca66ac97f0caf98ceaad7ab4cf,760,1280,RGB,PNG,
valid,2/zimage_topdown_v1_digit2_026.png,2,2,afe64449b3de7ce2393a7808309747026ca6f8ce99204f2684418ec1cbd6c44a,760,1280,RGB,PNG,
valid,2/zimage_topdown_v1_digit2_027.png,2,2,0ce649b7061961ab83be56a6196ba26e05c755f23cb12d3c7725fe0e5348cc82,760,1280,RGB,PNG,
valid,2/zimage_topdown_v1_digit2_028.png,2,2,cf33d04e6133d78317d9f249e93a18cc748e9c7b237d88ac34116ef86ee3c9ab,760,1280,RGB,PNG,
valid,2/zimage_topdown_v1_digit2_029.png,2,2,ab4254fb96c2ffce00d22de0f7d7a5d740b77d27d42c77ede771c6607f935b0e,760,1280,RGB,PNG,
valid,2/zimage_topdown_v1_digit2_030.png,2,2,765b21c0ae5674a7f147d03cfa7f1da34070a24bb469f30eb989f33746294329,760,1280,RGB,PNG,
valid,2/zimage_topdown_v1_digit2_031.png,2,2,7a93bab7d4205f7e99346f2c6f446c67ea83c6828855e8666926c0a6a865d727,760,1280,RGB,PNG,
valid,2/zimage_topdown_v1_digit2_032.png,2,2,a6263f47318b195d01a395d9a089e70f0666ea9ecaa60fa831003ef632151581,760,1280,RGB,PNG,
valid,2/zimage_topdown_v1_digit2_033.png,2,2,65d89cbe6f47fda0d0a126a6a1774ef729f29e184338cca96df23910a7775434,760,1280,RGB,PNG,
valid,2/zimage_topdown_v1_digit2_034.png,2,2,7a8019bf7511b3ded7f2a145a3eeecbb64a4753568eaff10b5c24cea1beb75e0,760,1280,RGB,PNG,
valid,2/zimage_topdown_v1_digit2_035.png,2,2,988bf49933357cd9788982ec50f5ecb8290ac8c85b3086e8fa36b601b7ad6cbc,760,1280,RGB,PNG,
valid,2/zimage_topdown_v1_digit2_036.png,2,2,cff92a537876bedd54775adbc636fef77e6c9565f8923abe86c82be5ba3bd2ce,760,1280,RGB,PNG,
valid,2/zimage_topdown_v1_digit2_037.png,2,2,0b3a271bb3bfe47e7e280dc19201f670d47fcd5d00f11eb50bf9008ea9ea244e,760,1280,RGB,PNG,
valid,2/zimage_topdown_v1_digit2_038.png,2,2,fed385e267539c7f876426e3164da572035fbd8cd09bcc005888fb0b26916829,760,1280,RGB,PNG,
valid,2/zimage_topdown_v1_digit2_039.png,2,2,d5b8e0d04125d6f69e9fe2597f6cf26dd715ef81a5d24169cc1acec8a6531a50,760,1280,RGB,PNG,
valid,2/zimage_topdown_v1_digit2_040.png,2,2,198915a555b8b93bad7825ec5ce389965a233f7b9c1f52afd10918eb028c299f,760,1280,RGB,PNG,
valid,2/zimage_topdown_v1_digit2_041.png,2,2,da2efae42632d2bd139c182562678fb3bfbcdf5f653f24cec815a0d9f835fdd4,760,1280,RGB,PNG,
valid,2/zimage_topdown_v1_digit2_042.png,2,2,60ddc2b1aa73f05c23b986f65b92c6f677ab96c8055aca39ef9dacaf0af00acd,760,1280,RGB,PNG,
valid,2/zimage_topdown_v1_digit2_043.png,2,2,8104f1e25836bc7f21c2cef11faf0b680aaf0c4bf5e590b2ebb120519e75d581,760,1280,RGB,PNG,
valid,2/zimage_topdown_v1_digit2_044.png,2,2,b8700c906bf58752e2230a9de7744c18b45464508f33e6de904be248a31a20f8,760,1280,RGB,PNG,
valid,2/zimage_topdown_v1_digit2_045.png,2,2,956dbf4cc215cc331beeff3385bc0b452354ed257e384a2f10510046280ed3f7,760,1280,RGB,PNG,
valid,2/zimage_topdown_v1_digit2_046.png,2,2,4a421a2962506948213b3fb55c9526718861181139d695044d29d59319f8346d,760,1280,RGB,PNG,
valid,2/zimage_topdown_v1_digit2_047.png,2,2,2c83be88138acfefc4e820e88e9066d0e75370f0526a72faee4bb0ee11eb8259,760,1280,RGB,PNG,
valid,2/zimage_topdown_v1_digit2_048.png,2,2,a4475eb247e2393d4c3672a1fe1235ae1b621aa3c0ba70dcd2111266e64c0e6d,760,1280,RGB,PNG,
valid,2/zimage_topdown_v1_digit2_049.png,2,2,4f642c12ec575e2151b104c3e3b1ee69e9cd61404934bd69caf0ae05e1b3ec1b,760,1280,RGB,PNG,
valid,3/smoke_test_v2_digit3_000.png,3,3,8f371e34edae5b06dc5d841fe855ae1e808ed7fe15f636a24c8f5098382ca99b,760,1280,RGB,PNG,
valid,3/zimage_topdown_v1_digit3_000.png,3,3,d6307b1687daa93da3d3f71819d1ea802fbe50138852294b33ed4d547549d74d,760,1280,RGB,PNG,
valid,3/zimage_topdown_v1_digit3_001.png,3,3,5689c53a752513361b9f6f959e85272af077dcaf453d87dd4952dedb5c7007b9,760,1280,RGB,PNG,
valid,3/zimage_topdown_v1_digit3_002.png,3,3,a69cc52c1824f0b2f5ce1f45e27e3b0b1091a63a786ab464d7a4c08831a83b8f,760,1280,RGB,PNG,
valid,3/zimage_topdown_v1_digit3_003.png,3,3,e63d8d0c528da9f707bcc25e7837a650a84afde72251c94ba798fb25679219bf,760,1280,RGB,PNG,
valid,3/zimage_topdown_v1_digit3_004.png,3,3,ca8798909e2b1c35d7f2a6fc9c6d49b330698655808e9f0995cc30612e219e7c,760,1280,RGB,PNG,
valid,3/zimage_topdown_v1_digit3_005.png,3,3,b9ca1b5816f4773776b31635c3acaa24a311fa87dcc866e13ecc1541fa8b81b5,760,1280,RGB,PNG,
valid,3/zimage_topdown_v1_digit3_006.png,3,3,547255ab2d8e603dc0086bf6d5fa6e254c79f2359b4b15e03ae5af281d19ec4d,760,1280,RGB,PNG,
valid,3/zimage_topdown_v1_digit3_007.png,3,3,d8484700fc595676d704ee5a716e3710d3e0da7de82672ed5cea12e88bdbdfd6,760,1280,RGB,PNG,
valid,3/zimage_topdown_v1_digit3_008.png,3,3,7da31d287b63df5b0c830440d94044b097ef6cfc681ecd6d78e7eb815ebe7396,760,1280,RGB,PNG,
valid,3/zimage_topdown_v1_digit3_009.png,3,3,12275cefcdcb05f5e147c89df3e64e76fdbe6e91fc738bb4d3a61a8d475f404e,760,1280,RGB,PNG,
valid,3/zimage_topdown_v1_digit3_010.png,3,3,b60a1ec3750a92014c3bb9c57bc8253ba419876bb543fbcb267123cfbcb659c0,760,1280,RGB,PNG,
valid,3/zimage_topdown_v1_digit3_011.png,3,3,d741475ef0be68708404f69f14871d290e52c0d8dd112364822ce635ed51869c,760,1280,RGB,PNG,
valid,3/zimage_topdown_v1_digit3_012.png,3,3,68ca2ba49555df559887462db9b47e81f15fa7c2b03508e6579d964bdccc15a2,760,1280,RGB,PNG,
valid,3/zimage_topdown_v1_digit3_013.png,3,3,3b2baa7bdcf46453461c122c1451c150ca26f9eb034ad4455418babb998d8e95,760,1280,RGB,PNG,
valid,3/zimage_topdown_v1_digit3_014.png,3,3,d2ca0eeb666dad39e0fbfd97883a99487e04ee66bcb5bc560a5216c5fe2de27e,760,1280,RGB,PNG,
valid,3/zimage_topdown_v1_digit3_015.png,3,3,2f9c16f81dceaa40ae7973835d71d9c57b72bab6010a58380499d56a3f93131a,760,1280,RGB,PNG,
valid,3/zimage_topdown_v1_digit3_016.png,3,3,fe0c628474d9b11daf993c2a5ab4cb4c9b34957963dcfd9231e69795f57dc1b0,760,1280,RGB,PNG,
valid,3/zimage_topdown_v1_digit3_017.png,3,3,4e8528415b1bd73c973322160b4b6ee22fb49e176fed93407c4fd05123bcbee8,760,1280,RGB,PNG,
valid,3/zimage_topdown_v1_digit3_018.png,3,3,cd08781a91343f88c708a542338e4a5319413273100d5b52f677b2b110dc96a8,760,1280,RGB,PNG,
valid,3/zimage_topdown_v1_digit3_019.png,3,3,1e5b59760e2d6940bb167aa70ae22a4efe84eb97e9a9f1923c3ed8e53faa399a,760,1280,RGB,PNG,
valid,3/zimage_topdown_v1_digit3_020.png,3,3,c521a53c35289568fa3c8306801ef1cb9ceed9fe457a8b92d04e001003f47cd2,760,1280,RGB,PNG,
valid,3/zimage_topdown_v1_digit3_021.png,3,3,e469fc7bcae45480cef196238f71c0d71dc23c9eb44b8557baaa7f5b79fe90dd,760,1280,RGB,PNG,
valid,3/zimage_topdown_v1_digit3_022.png,3,3,aa324b98b1403150d4b7c0d69e99dc4b607e9f195d5e00668f17d8c8398e06ad,760,1280,RGB,PNG,
valid,3/zimage_topdown_v1_digit3_023.png,3,3,be71dad51dcee212056bc303c57d6f5fb9f433d5a30821c49d27c7fb63104b57,760,1280,RGB,PNG,
valid,3/zimage_topdown_v1_digit3_024.png,3,3,5353d88b4cd180c7a68ebfcf77bfcd9a5135cc655e928a56da1a529acc8d52ae,760,1280,RGB,PNG,
valid,3/zimage_topdown_v1_digit3_025.png,3,3,1d324aa7edeb5067e4a7a6fc85149ccd02498d57d4feb7a7e5e07b185f512edd,760,1280,RGB,PNG,
valid,3/zimage_topdown_v1_digit3_026.png,3,3,588386b0f4c43015ca3a27feb990cc08bf9ab1a36b56855d830958b2135cce7d,760,1280,RGB,PNG,
valid,3/zimage_topdown_v1_digit3_027.png,3,3,7fd75cecc3ae5eee0bab3fc6681e959a76ebe9c8442d1b886870748bbede9aab,760,1280,RGB,PNG,
valid,3/zimage_topdown_v1_digit3_028.png,3,3,51e673d1163a977ab582397b551a24221e50f7ffeeb2f3962df48fbb0ce3501b,760,1280,RGB,PNG,
valid,3/zimage_topdown_v1_digit3_029.png,3,3,ebab68589caa59d21317e671ea770124bd2b236ebbe5d3d766897bbbd53490aa,760,1280,RGB,PNG,
valid,3/zimage_topdown_v1_digit3_030.png,3,3,0229e520e58b7dca3fc31eeaf3b4283571fbfc59668251fe81b1d49183e8dce5,760,1280,RGB,PNG,
valid,3/zimage_topdown_v1_digit3_031.png,3,3,59a5ea0a0fd234be2b43604199b244cdda779fd681a5cacbe7706b91ce08952e,760,1280,RGB,PNG,
valid,3/zimage_topdown_v1_digit3_032.png,3,3,5b6e60244f0a38c75e34937fd362b5d71251428e79e003744e1e51719d9c6d16,760,1280,RGB,PNG,
valid,3/zimage_topdown_v1_digit3_033.png,3,3,ac9a09ca3cba2d0d4cbcc3fc3e268033a69a31d82bdaeedf94299ce74cbfcedc,760,1280,RGB,PNG,
valid,3/zimage_topdown_v1_digit3_034.png,3,3,b6d6183a3176531a6a0fa1362329cc91e3d7f6dad0d842e8719426e6f446e119,760,1280,RGB,PNG,
valid,3/zimage_topdown_v1_digit3_035.png,3,3,85b3303e073df0d981670230563c8ed2f58ebf371dfcb5211134a65b1d17bafc,760,1280,RGB,PNG,
valid,3/zimage_topdown_v1_digit3_036.png,3,3,9665665b624295ee44abfccb1606fb738cbdea5528086d35a9fa8dbc6b71d458,760,1280,RGB,PNG,
valid,3/zimage_topdown_v1_digit3_037.png,3,3,8ec1737e987f790de980368bea211f294b92a0be309dc9804ecb61c3859bd8aa,760,1280,RGB,PNG,
valid,3/zimage_topdown_v1_digit3_038.png,3,3,e927ced9a99f7646707fd14d357028edcdd00bc330f8e052f9da59c6e1bb1222,760,1280,RGB,PNG,
valid,3/zimage_topdown_v1_digit3_039.png,3,3,98f39642ee062ad9873d2921922ff100a635fce4c7d47e8f4353062234a59b9b,760,1280,RGB,PNG,
valid,3/zimage_topdown_v1_digit3_040.png,3,3,cfd40a822f6395ff2ef04e43673bb277860135bd02244f02691526d2ef7dbbe4,760,1280,RGB,PNG,
valid,3/zimage_topdown_v1_digit3_041.png,3,3,6fd6bed9d0686718a0d69dd665e63f5714fe42aaa7b8f4c6b3fecfb38d67bbf5,760,1280,RGB,PNG,
valid,3/zimage_topdown_v1_digit3_042.png,3,3,c5d34914eab128ccc2f1d57e7de1759ea6dbc2f20d5ae50be2293578ed5e9b59,760,1280,RGB,PNG,
valid,3/zimage_topdown_v1_digit3_043.png,3,3,e2d624f576909ccd66e45489538d8dcecb601d0baefd2ba337c06529335cf501,760,1280,RGB,PNG,
valid,3/zimage_topdown_v1_digit3_044.png,3,3,a190a2a50fdd5954a652ba749732d725f3e40c08f03a3334599ad11bc48dce92,760,1280,RGB,PNG,
valid,3/zimage_topdown_v1_digit3_045.png,3,3,b3f20e66524c152f623a4650ced44b071e36724b9808fd04cdcf096325999cbc,760,1280,RGB,PNG,
valid,3/zimage_topdown_v1_digit3_046.png,3,3,0773a125b34d2723b7248be3f58599ab2bec9d4512411abc67f843c03a4e7ef4,760,1280,RGB,PNG,
valid,3/zimage_topdown_v1_digit3_047.png,3,3,aeaf83156abca6d75ac36ae760e87e72564bcd3a2a7c9b3f823e36a559939425,760,1280,RGB,PNG,
valid,3/zimage_topdown_v1_digit3_048.png,3,3,26ab9d42851eb72a92387b861bf2b61eaf0d151f2fecb56dfe6d13c00de79f57,760,1280,RGB,PNG,
valid,3/zimage_topdown_v1_digit3_049.png,3,3,3bbb47c89f69b4a1165e2a62c009f06c8a087087b27c321e1711c11f8a498a72,760,1280,RGB,PNG,
valid,4/zimage_topdown_v1_digit4_000.png,4,4,5a4668615a5cb365c55f3e64028fb87e86d4a23fde48540dc4009af4e001f077,760,1280,RGB,PNG,
valid,4/zimage_topdown_v1_digit4_001.png,4,4,1b1bc73111033996b1fbcabe07705930f518d4309cc1de089b3317cfa16d485a,760,1280,RGB,PNG,
valid,4/zimage_topdown_v1_digit4_002.png,4,4,a9125cb566f662bca074160e0976a1f05c82ebfd3e1bf0467bfbf960aeff9f9c,760,1280,RGB,PNG,
valid,4/zimage_topdown_v1_digit4_003.png,4,4,a60151ce33226f0be11caf467856fc7c272a39aae257759af8dc3448ab7221bc,760,1280,RGB,PNG,
valid,4/zimage_topdown_v1_digit4_004.png,4,4,6b642786459d6c6398c21696bded7b54455d30d967a25eeeaeceabf0b05407fb,760,1280,RGB,PNG,
valid,4/zimage_topdown_v1_digit4_005.png,4,4,ecddbd65b318ee7d47c4d94b750e724564ef4ef1ea01b8bc22f4493755ba1c30,760,1280,RGB,PNG,
valid,4/zimage_topdown_v1_digit4_006.png,4,4,25654aa9bbf6ab3fa63a97826a66823c4dfe6dc95eb2aa8a807e1ccb7cfe2a38,760,1280,RGB,PNG,
valid,4/zimage_topdown_v1_digit4_007.png,4,4,ab795c789b119ba86588f1476f1a3f0a58c915ad964fd0463dc04ccd623a14e5,760,1280,RGB,PNG,
valid,4/zimage_topdown_v1_digit4_008.png,4,4,4092d8f7dc10c28e1f95999619a36358cdd6470e703918037becfe79104d5d53,760,1280,RGB,PNG,
valid,4/zimage_topdown_v1_digit4_009.png,4,4,f083061d139341e39510de37728c20c25981ae55f18a21f4f448edb2dc73ca84,760,1280,RGB,PNG,
valid,4/zimage_topdown_v1_digit4_010.png,4,4,c88885faa24d2556584e94c8eb44200a8fe02e200dbe39a5505ece0fbae46a9c,760,1280,RGB,PNG,
valid,4/zimage_topdown_v1_digit4_011.png,4,4,eb9f532f76168b1631a86e3b063eb629a0ef376ea69df3e1b02e1f4964a03645,760,1280,RGB,PNG,
valid,4/zimage_topdown_v1_digit4_012.png,4,4,e790a9aaeac199e41d2df0c05d7a2ccdfb28ed26443fb62113f943c76af80ee9,760,1280,RGB,PNG,
valid,4/zimage_topdown_v1_digit4_013.png,4,4,cbb171a921045b907ecf11191b79bc99955f57e53989388b428a01f0f2bae272,760,1280,RGB,PNG,
valid,4/zimage_topdown_v1_digit4_014.png,4,4,5df3434ffe7b7e9e8c8b2fef2f55d189411f066781555858a7baf487e63eea60,760,1280,RGB,PNG,
valid,4/zimage_topdown_v1_digit4_015.png,4,4,4fd2e4afe80b82a832e098a17d9813223e69d1b6ea29b9fffd3c0bf0e7b3a859,760,1280,RGB,PNG,
valid,4/zimage_topdown_v1_digit4_016.png,4,4,2784bd090c50e1d6727d75e4b459ea621f67f19b3248a6735e713dba71fe1bd2,760,1280,RGB,PNG,
valid,4/zimage_topdown_v1_digit4_017.png,4,4,c496385271f5671cb14e7e38a23c5d90dcdd5e6ea3a3b6d8e1f566626aa6ef90,760,1280,RGB,PNG,
valid,4/zimage_topdown_v1_digit4_018.png,4,4,b6aedb5ff9087561cb3d0516bd6c80d3752725592dd2165232e055eb8f7e5cfb,760,1280,RGB,PNG,
valid,4/zimage_topdown_v1_digit4_019.png,4,4,9b4be42f86821dceb1a96ed51a17c964d90f67d0a55a4ed180de7883b6deed44,760,1280,RGB,PNG,
valid,4/zimage_topdown_v1_digit4_020.png,4,4,bec8bc2ed2f8c07509be513918a8c0d38f7d5eb3f96f9f4cbab3b2cfe61d4e4d,760,1280,RGB,PNG,
valid,4/zimage_topdown_v1_digit4_021.png,4,4,fddc17261be1fba78f02cf3c1feee8f8f9b7990f87241af32e344cd25345cdf1,760,1280,RGB,PNG,
valid,4/zimage_topdown_v1_digit4_022.png,4,4,9695394e290bd0ce0592f4aeadddb31806cf8eddea943bf4693d9689c9d4e9a5,760,1280,RGB,PNG,
valid,4/zimage_topdown_v1_digit4_023.png,4,4,52c1612fff6cbee6e9bfef119f1ab3e1e2c7e2275353c4b4ead7d32f3502b0fe,760,1280,RGB,PNG,
valid,4/zimage_topdown_v1_digit4_024.png,4,4,77240d6fcb84c618efd4c407a7ae2c29c929bb2cd8d0c0e68719126f0d95d282,760,1280,RGB,PNG,
valid,4/zimage_topdown_v1_digit4_025.png,4,4,f9bb3efaa01938c05ebd80948dcd09826ce415b291bc52ef5bfab87983d5e384,760,1280,RGB,PNG,
valid,4/zimage_topdown_v1_digit4_026.png,4,4,681a422f54a456f0fba82d0c8141e67aac1952d582dbbe23667e4f161621d10e,760,1280,RGB,PNG,
valid,4/zimage_topdown_v1_digit4_027.png,4,4,c5036d91598897943bc7125e3a464e7e649f8c6789f1846cc4afd7897ff1dffa,760,1280,RGB,PNG,
valid,4/zimage_topdown_v1_digit4_028.png,4,4,cb8ec6d836102b2179ca0af0e05ea53b77da4bc5f24d360cfa5b2d662e52b70d,760,1280,RGB,PNG,
valid,4/zimage_topdown_v1_digit4_029.png,4,4,f0391fdef669836342b749baaebfd94c959a59a7eaaecc7be5122c28fcca6a2d,760,1280,RGB,PNG,
valid,4/zimage_topdown_v1_digit4_030.png,4,4,40d84134e36b4c7509ce03c71da07c462450de7895cc76015cfeac014b0a256e,760,1280,RGB,PNG,
valid,4/zimage_topdown_v1_digit4_031.png,4,4,a65c27d56f2296ad52f1a0d86cd03732e07741ea4ad126da306e9984e54c8b31,760,1280,RGB,PNG,
valid,4/zimage_topdown_v1_digit4_032.png,4,4,a27cb89c2e0d38f939a7509949c7caa5f43755148f0d7396fe1c33aa23ac3584,760,1280,RGB,PNG,
valid,4/zimage_topdown_v1_digit4_033.png,4,4,15a8cb468a3310185cef6290155f67a41c87c5f17b7af20dcbb5aebc879daee9,760,1280,RGB,PNG,
valid,4/zimage_topdown_v1_digit4_034.png,4,4,986740d16de3d1a844ddf2acd7437fa3bceffd2a62843673091a57c3edc2a33c,760,1280,RGB,PNG,
valid,4/zimage_topdown_v1_digit4_035.png,4,4,1afd3b2b8525247137748dd952cc8b1c80da6822da605c9e5d27ffa1304cd3ed,760,1280,RGB,PNG,
valid,4/zimage_topdown_v1_digit4_036.png,4,4,09922f59d55937cd0e7b54e5cb8db489afa0044bae6117b7504e7fcddb31f023,760,1280,RGB,PNG,
valid,4/zimage_topdown_v1_digit4_037.png,4,4,731557b02ebd691a9def9b639084ec08ec959e25ce365bae75234f5e7870aff6,760,1280,RGB,PNG,
valid,4/zimage_topdown_v1_digit4_038.png,4,4,cc9c62f581a547d98c67ea73da6a19a034423e4021338c1ef23a34129cc9c28e,760,1280,RGB,PNG,
valid,4/zimage_topdown_v1_digit4_039.png,4,4,5d48dc06b466b25ac7724b418b0979edec996424f04b2a4dc5e19fc869824cbe,760,1280,RGB,PNG,
valid,4/zimage_topdown_v1_digit4_040.png,4,4,a3288c55e9a7f6f738a231470001d1176f0bebe4a4b4ffdba1b4aa7da5a3db00,760,1280,RGB,PNG,
valid,4/zimage_topdown_v1_digit4_041.png,4,4,c87c6e3ea683a40489b35efedc32ffe23be3f743a6a05ce903700d442ad5ff9b,760,1280,RGB,PNG,
valid,4/zimage_topdown_v1_digit4_042.png,4,4,d14a205863bbc8e782bd0da433c54c73b170c4d0d03822eb4d5ab24b227e825c,760,1280,RGB,PNG,
valid,4/zimage_topdown_v1_digit4_043.png,4,4,2ffe43378568ebb933ed1654aa89592a65d90107b71e3bf48113c8566f445c82,760,1280,RGB,PNG,
valid,4/zimage_topdown_v1_digit4_044.png,4,4,720e1638e4b7a0433e361e146322221a85fe63559b420f796ddd2d51278f393a,760,1280,RGB,PNG,
valid,4/zimage_topdown_v1_digit4_045.png,4,4,003f6286307da0b1e8ecffba2a909b01722f4414bfe32bf78b56d3ac202825e6,760,1280,RGB,PNG,
valid,4/zimage_topdown_v1_digit4_046.png,4,4,5e31381471ed708308e2314f729aa9a1bee056f294426fc93fcb8cfcb411dc08,760,1280,RGB,PNG,
valid,4/zimage_topdown_v1_digit4_047.png,4,4,575fa2b32421b911300f1889c281e84aab9488667db5d46225ad0e8d5f8b0f33,760,1280,RGB,PNG,
valid,4/zimage_topdown_v1_digit4_048.png,4,4,85d447a828975010cb27027fb89f898e3ff8cee719b4a44f5790f1308182f72e,760,1280,RGB,PNG,
valid,4/zimage_topdown_v1_digit4_049.png,4,4,207f220641697cb53266f34e047527a97a6e41a552b2c3b9555fc755b69c893c,760,1280,RGB,PNG,
valid,5/zimage_topdown_v1_digit5_000.png,5,5,3de10689c0e4faaf1f603a577b8773f21a1d245c568087e1c673d5757dd6d99f,760,1280,RGB,PNG,
valid,5/zimage_topdown_v1_digit5_001.png,5,5,a8723f15e3b3f7f30b23fed386e92a2a2fbe0a4e42497642e0b57c9a08049bcb,760,1280,RGB,PNG,
valid,5/zimage_topdown_v1_digit5_002.png,5,5,f783754dfe2f7766e3ee0d4113c4c0635965a764a934828809c124108e5086fe,760,1280,RGB,PNG,
valid,5/zimage_topdown_v1_digit5_003.png,5,5,693173af10d1524410654e36b49125e260ab15b2dabd3ddf56558e8f7120097d,760,1280,RGB,PNG,
valid,5/zimage_topdown_v1_digit5_004.png,5,5,b12d6f8bae496a112fd8a6506a1e9399f06d8c6a64bbf436f9eafe6403122ae4,760,1280,RGB,PNG,
valid,5/zimage_topdown_v1_digit5_005.png,5,5,babd478ec86c608a5c3d1a0825034e9f87f1cf39b238c2a600d5a12240eaf28b,760,1280,RGB,PNG,
valid,5/zimage_topdown_v1_digit5_006.png,5,5,d348de615da990f5c7ffb028b4e50ed8d0f95f432ca819c8c819a6126ee59825,760,1280,RGB,PNG,
valid,5/zimage_topdown_v1_digit5_007.png,5,5,b1f32b7fa4580db7e43c6beae74ec055e495b2fa869c8ef6c1c12df5fcc63925,760,1280,RGB,PNG,
valid,5/zimage_topdown_v1_digit5_008.png,5,5,a623bbc56a7c9947713a55180710771f480eddfbdd5d446599d27c0e928e6025,760,1280,RGB,PNG,
valid,5/zimage_topdown_v1_digit5_009.png,5,5,c8ab24d89f96048ded5c40b374d5e12b40aec1d96917d57858536139dd604572,760,1280,RGB,PNG,
valid,5/zimage_topdown_v1_digit5_010.png,5,5,90b144c6c3a512fd09d7552b38ed728e83f6493bfa8241404f5cae570bc6dd52,760,1280,RGB,PNG,
valid,5/zimage_topdown_v1_digit5_011.png,5,5,ef75164d468bdf9e651dd5d3a5a57ba4b6ea700529f82d475b549eea4e65e779,760,1280,RGB,PNG,
valid,5/zimage_topdown_v1_digit5_012.png,5,5,e199d1b34ed9bb7d4e7e9691f2b031fe51a432ed37423f337845dcab5ee155df,760,1280,RGB,PNG,
valid,5/zimage_topdown_v1_digit5_013.png,5,5,b9a7b7a666bc73128324a3a7f4cad70a2495a6ae2d2c83d5b141f2b3a9bcbe5f,760,1280,RGB,PNG,
valid,5/zimage_topdown_v1_digit5_014.png,5,5,4db90b0a5f859c632874279bd1aae58867fd2cbdf8fa710883ea18c9a5bde4f7,760,1280,RGB,PNG,
valid,5/zimage_topdown_v1_digit5_015.png,5,5,1783696c975abdc60ec2dd0b33e995db3827af66cf522e49373e2b5352d4a6dc,760,1280,RGB,PNG,
valid,5/zimage_topdown_v1_digit5_016.png,5,5,ffd03f75d93d2d1cadcceb7549ee39922d517cceaf2ea13a554c76d28a39edf4,760,1280,RGB,PNG,
valid,5/zimage_topdown_v1_digit5_017.png,5,5,6cf0d5ae8b9759ef04438c8a8331dec6826847e45611e189f992ae0a84c6d6b1,760,1280,RGB,PNG,
valid,5/zimage_topdown_v1_digit5_018.png,5,5,33fce4bf593190414aada52605b3c7e64a6875067dac61c1fb63b3f82102f52e,760,1280,RGB,PNG,
valid,5/zimage_topdown_v1_digit5_019.png,5,5,404c815434622f5d04757efeb77e173100c14683e80f1002da9e565d0dc9a81d,760,1280,RGB,PNG,
valid,5/zimage_topdown_v1_digit5_020.png,5,5,7d6e647e643a31faec77b4df8f6cd421d175693120cb74746bfba09d8bd7e509,760,1280,RGB,PNG,
valid,5/zimage_topdown_v1_digit5_021.png,5,5,2009e270676df5d1dc9957c5d3d4e1615307cac5fc7c7c7041a9f0aa91b77741,760,1280,RGB,PNG,
valid,5/zimage_topdown_v1_digit5_022.png,5,5,3d4122cd774331ad435c039f5d4f0b6b04bf3a967f7ce7613202cf657aaf990b,760,1280,RGB,PNG,
valid,5/zimage_topdown_v1_digit5_023.png,5,5,e9460b61eb37ec92191a664da4f8fe0cba5bb56bcf2707076350ea27c0cd71a9,760,1280,RGB,PNG,
valid,5/zimage_topdown_v1_digit5_024.png,5,5,c74855013a3bb7219cf02ec54433e1678e957d021aa8eda485fca376131a660e,760,1280,RGB,PNG,
valid,5/zimage_topdown_v1_digit5_025.png,5,5,9d64fe8e14adc609ae4ba131065fb39c80a043fbbb25a586d7c058c0b391ad34,760,1280,RGB,PNG,
valid,5/zimage_topdown_v1_digit5_026.png,5,5,f4ab4653f599693d81b73ff4e547d5547caf275066f0e3aa70b7ebacd87c62a5,760,1280,RGB,PNG,
valid,5/zimage_topdown_v1_digit5_027.png,5,5,5f88f136880ae425c0afbd3012e3ce396353d5ecd97d6acf92cfff75b1d78588,760,1280,RGB,PNG,
valid,5/zimage_topdown_v1_digit5_028.png,5,5,9cc97afea2d147e897208e5f5a02b1356638fb2c940bf20de18f4b9ebe48f0a8,760,1280,RGB,PNG,
valid,5/zimage_topdown_v1_digit5_029.png,5,5,60b048d82111dc4ff9e5e05e726ce1be370e79d2d6006baa0bfff84ac5aa4578,760,1280,RGB,PNG,
valid,5/zimage_topdown_v1_digit5_030.png,5,5,b249514ae740115a091233d0620df609035b02dcc7b075d18bf1e2baeed550a8,760,1280,RGB,PNG,
valid,5/zimage_topdown_v1_digit5_031.png,5,5,264e4d8b7ea9ad7dd961709491f867648ae02dae1ca277593c2b56fea869fe77,760,1280,RGB,PNG,
valid,5/zimage_topdown_v1_digit5_032.png,5,5,992f48e2ec8224d1d95b678df35e9ec334155868a5cfc91cff0d59e8d6335431,760,1280,RGB,PNG,
valid,5/zimage_topdown_v1_digit5_033.png,5,5,2c5691de6d69633eeff5d85963d79248a882354b4e3056b1396e5843e4a793f8,760,1280,RGB,PNG,
valid,5/zimage_topdown_v1_digit5_034.png,5,5,3e43bf725048ad28e89e7b95cef9f21af6f3da6fb927bf2601652c9ad118c68c,760,1280,RGB,PNG,
valid,5/zimage_topdown_v1_digit5_035.png,5,5,0f91fd409208c5e3c828c3eced998cd2763f101d8ea588c6eb74906e6780ca53,760,1280,RGB,PNG,
valid,5/zimage_topdown_v1_digit5_036.png,5,5,320edb2b9d679456fc5661d49a25e61daa7214146f2ecd066e8bf4fe8a329151,760,1280,RGB,PNG,
valid,5/zimage_topdown_v1_digit5_037.png,5,5,231e9e110cd5f89626a6fb4e70b130d4337dea0adef5b135c05ec86c8f95e034,760,1280,RGB,PNG,
valid,5/zimage_topdown_v1_digit5_038.png,5,5,72948f340621a110ec4f644b990161b80ce97f78cfbada9551dcba4845bea407,760,1280,RGB,PNG,
valid,5/zimage_topdown_v1_digit5_039.png,5,5,08aec28eb91e10104becf6ef1c876fafd105736c5a70a61d1ce769e840c7ac90,760,1280,RGB,PNG,
valid,5/zimage_topdown_v1_digit5_040.png,5,5,d3839d4f878134f06ad07a9f0bb9488b690dd71399938d0321ba74f65e9d87a3,760,1280,RGB,PNG,
valid,5/zimage_topdown_v1_digit5_041.png,5,5,36232849cb66c396fe9afad0493056d89651d133fbb00a271bb5a80b3c61382a,760,1280,RGB,PNG,
valid,5/zimage_topdown_v1_digit5_042.png,5,5,c82fa1a294344e01046ca616d27f5b7572d1d7797efb4800f9af40febce46fea,760,1280,RGB,PNG,
valid,5/zimage_topdown_v1_digit5_043.png,5,5,6ff33315c6e7202b1afc0e0e00bd7cdac8928e16d314f22e23538c1e98896c8b,760,1280,RGB,PNG,
valid,5/zimage_topdown_v1_digit5_044.png,5,5,ebcf9d93c88567cd4747bb80318fe074cccc50dd863c1dffa50954942862ad00,760,1280,RGB,PNG,
valid,5/zimage_topdown_v1_digit5_045.png,5,5,ece6ac0e96a58dae105df39b75d6367844f7b987041d593ba5fea2b10103a7d3,760,1280,RGB,PNG,
valid,5/zimage_topdown_v1_digit5_046.png,5,5,ffca76f2f373662b92678c1806436e65b074de55ad1219cf75187b209db2e9c7,760,1280,RGB,PNG,
valid,5/zimage_topdown_v1_digit5_047.png,5,5,a481725351bbdb72512835ed4dbecf11e0a37c3272d23ea028dae699ba05d8cf,760,1280,RGB,PNG,
valid,5/zimage_topdown_v1_digit5_048.png,5,5,12ab8936a2d857f835b6348753ba747eab07185687cca38d1b50585b1998be59,760,1280,RGB,PNG,
valid,5/zimage_topdown_v1_digit5_049.png,5,5,54142f5f837fa564498aeb3495a42a6d7c7a981daa6145d1399a046d1c7f1fc6,760,1280,RGB,PNG,
valid,6/zimage_topdown_v1_digit6_000.png,6,6,e3dc18a2f323246b1bb797fb859e60b6df7de2981b317b9dbc90fbb84b562719,760,1280,RGB,PNG,
valid,6/zimage_topdown_v1_digit6_001.png,6,6,fefeb0da2df4b22ebdd651b4c0501a95aaec4bc231e76f8072d1decf89520ad0,760,1280,RGB,PNG,
valid,6/zimage_topdown_v1_digit6_002.png,6,6,06e90dd615d6900a204be3d464d0c23861783bfa6e25554e90239ca1c5406d81,760,1280,RGB,PNG,
valid,6/zimage_topdown_v1_digit6_003.png,6,6,f936f1ec5fbcaad8dfbd854fa9ce99561652f2c85c6bb9d1244b4cec8bfdcfbe,760,1280,RGB,PNG,
valid,6/zimage_topdown_v1_digit6_004.png,6,6,55e2858b073748439290e864efabecaf6170e69d0c213f9bb8bbf069fda031b6,760,1280,RGB,PNG,
valid,6/zimage_topdown_v1_digit6_005.png,6,6,16c5f5ba0eb0968dc7be257e366a4d88d0369f7272e3d47d1129b0a4b517357f,760,1280,RGB,PNG,
valid,6/zimage_topdown_v1_digit6_006.png,6,6,0bf9d3c8d1399c93caf880538a73ffa3a00369a4bdf657d31ad462c52d51eb61,760,1280,RGB,PNG,
valid,6/zimage_topdown_v1_digit6_007.png,6,6,77565815c3be78d76f7f5c4cace0f36607366b19937d618d61e33863fbf543ae,760,1280,RGB,PNG,
valid,6/zimage_topdown_v1_digit6_008.png,6,6,aa6f16466a32d4ca5c49a1bd9636127d7e04b9000f4d0164c0fbb4f542e713aa,760,1280,RGB,PNG,
valid,6/zimage_topdown_v1_digit6_009.png,6,6,fbf9cafb78468562d26e7e1a4c2415628fbd6805d4981d6aa643403233971091,760,1280,RGB,PNG,
valid,6/zimage_topdown_v1_digit6_010.png,6,6,84449b41be7eafec2a1ac71654250465b91f9681442edd9b0cae18c5b30e7d29,760,1280,RGB,PNG,
valid,6/zimage_topdown_v1_digit6_011.png,6,6,fbfaa7e2069613cacaa0d97d4ed08cd1d654bb30d031e53665f9b75fa2426499,760,1280,RGB,PNG,
valid,6/zimage_topdown_v1_digit6_012.png,6,6,cfcaa6b63c2e93c7d251451b63c36f1f561eceab02da7c886af7e238c0068675,760,1280,RGB,PNG,
valid,6/zimage_topdown_v1_digit6_013.png,6,6,67e54873168106cc4476ed69d9b2dd106668ce4efe8ae2ea7d6dbb713dd00119,760,1280,RGB,PNG,
valid,6/zimage_topdown_v1_digit6_014.png,6,6,4bbe3f2b9323ae38c793dc3dc6a2c6e8b6e8d7fb501b37ae8d2412a01acf657e,760,1280,RGB,PNG,
valid,6/zimage_topdown_v1_digit6_015.png,6,6,72a0afbfeccc27901b3255f78cbeae0771687d47394b0083194c6dc4dd0a1db7,760,1280,RGB,PNG,
valid,6/zimage_topdown_v1_digit6_016.png,6,6,46b0408b61fed739863458ba240700431d7abba8ae29e0050ec31fa1b59db74f,760,1280,RGB,PNG,
valid,6/zimage_topdown_v1_digit6_017.png,6,6,a532f8c5ff7096748f36a34f6744e1e6c1a2128e7965385f795ac5e124525faf,760,1280,RGB,PNG,
valid,6/zimage_topdown_v1_digit6_018.png,6,6,d4c6bff375991b9a1ec96f27ce59027e21cb2f2dc353f45bd5d99a135febc63d,760,1280,RGB,PNG,
valid,6/zimage_topdown_v1_digit6_019.png,6,6,5db8fbb50a32c2f5a31c91b5e729d20367b9ddd14e8e60f0eb176a2751f53da0,760,1280,RGB,PNG,
valid,6/zimage_topdown_v1_digit6_020.png,6,6,6cba35aaf59442e7ee63f022968336854062bd0103c314822373efadbbbc5d2f,760,1280,RGB,PNG,
valid,6/zimage_topdown_v1_digit6_021.png,6,6,58457497f77349722e29084b953e80c4503f9d3f23f65ca8d3e1618dd61974e1,760,1280,RGB,PNG,
valid,6/zimage_topdown_v1_digit6_022.png,6,6,979df678406b4ae3d998539a6d5122fd0939ce96896e7dc59cba8bab9d105a4e,760,1280,RGB,PNG,
valid,6/zimage_topdown_v1_digit6_023.png,6,6,345ca39469cefffaf35a49913af66aff0324223d7598be885a2c49d6c48548bd,760,1280,RGB,PNG,
valid,6/zimage_topdown_v1_digit6_024.png,6,6,b4369e572b154d9842a4a7f1c2d880daafc1a496c989d9d77a5b503f05e3df12,760,1280,RGB,PNG,
valid,6/zimage_topdown_v1_digit6_025.png,6,6,ed02baa60edf7583bd3a449e1199995953f9f94249afaa28d9ea14699b692d98,760,1280,RGB,PNG,
valid,6/zimage_topdown_v1_digit6_026.png,6,6,8efef5cd12206b00b75e8a15a9f02b5c96028a9f560059b1ff92ab0aef1c5fc4,760,1280,RGB,PNG,
valid,6/zimage_topdown_v1_digit6_027.png,6,6,57e2c3c56284a5b6eb1fb2cada1715e91e5094171a00699079b4db6fa47592be,760,1280,RGB,PNG,
valid,6/zimage_topdown_v1_digit6_028.png,6,6,9ac92a949845a47e82443329187ab3964d2fda97d12679fa4cf0b8c6c2294634,760,1280,RGB,PNG,
valid,6/zimage_topdown_v1_digit6_029.png,6,6,b39fe133ffe30d51e234e014265cebdd89d7d6d4c233c4e3f55fdc7e978cce5a,760,1280,RGB,PNG,
valid,6/zimage_topdown_v1_digit6_030.png,6,6,dca09710e5684953d974dbaf0dfb1b3eebc5e838391e93e105bfb93e4b2b471e,760,1280,RGB,PNG,
valid,6/zimage_topdown_v1_digit6_031.png,6,6,8aee5484196ed76d9611e1aa407b20a5a50b99fa4a722b0113641730df724da5,760,1280,RGB,PNG,
valid,6/zimage_topdown_v1_digit6_032.png,6,6,29f04356aeac864aeaf5ee215574ff6e3ce5f9b53199fe6d9b35900d6e2f1bdf,760,1280,RGB,PNG,
valid,6/zimage_topdown_v1_digit6_033.png,6,6,193b747b69c36484f872a3170812a7153218db7757728fb271593465d084c4d6,760,1280,RGB,PNG,
valid,6/zimage_topdown_v1_digit6_034.png,6,6,c9e2c0e047ae9f2c9a52a03c3289592bbf2bf435be92da2a0114a3556c160325,760,1280,RGB,PNG,
valid,6/zimage_topdown_v1_digit6_035.png,6,6,3d0b0520da87a20db00b8ffc94a43574ff96e3e82066e6f6dbb30e80ce25409a,760,1280,RGB,PNG,
valid,6/zimage_topdown_v1_digit6_036.png,6,6,78cb11f71c3c1399a03d63eda6d859d316692bb860ae6632dc6663fa7ba9895e,760,1280,RGB,PNG,
valid,6/zimage_topdown_v1_digit6_037.png,6,6,38b295ef520e6d9ffaa8f2c0b2631f0f78c8c8e8ee6b8c573fff8cfe9115657a,760,1280,RGB,PNG,
valid,6/zimage_topdown_v1_digit6_038.png,6,6,7aef23a87e0226576f1aa90e27dd18f25f3c2d20dd2074a3ec491a8244fc3eb1,760,1280,RGB,PNG,
valid,6/zimage_topdown_v1_digit6_039.png,6,6,ad3c2495bbb32ae84a6749c1d90c637dac96576e429c09fc6b6de8c2a00467d5,760,1280,RGB,PNG,
valid,6/zimage_topdown_v1_digit6_040.png,6,6,a258cdef3ad60cb9923127ac616d88f8007098c4c9acd164cde515b1965df837,760,1280,RGB,PNG,
valid,6/zimage_topdown_v1_digit6_041.png,6,6,ac3961cb1e2a62b7736f0efbb6fa8a35c191fb4515d1ab3176210ddf4ad34d2c,760,1280,RGB,PNG,
valid,6/zimage_topdown_v1_digit6_042.png,6,6,cd457a663ce5bbcafcf0a0b35a7f9c7d9d2872b41cef88ee015b393a5b0126c8,760,1280,RGB,PNG,
valid,6/zimage_topdown_v1_digit6_043.png,6,6,f10ab7ff6b7a5ecd215d8b366338277fadbe6df6ea74efb68cc34ac178f11d1c,760,1280,RGB,PNG,
valid,6/zimage_topdown_v1_digit6_044.png,6,6,79b755802fe74c505643b09afa217b48795767a6e70fc3c844e25cc84c165184,760,1280,RGB,PNG,
valid,6/zimage_topdown_v1_digit6_045.png,6,6,2426ccd7dd304547949e2630b5f54f9b84a42bdbf985fc1d550f2d15a9ffe466,760,1280,RGB,PNG,
valid,6/zimage_topdown_v1_digit6_046.png,6,6,2b5866548e656f4f10c8d5c3428a10d481f2676676cade279a12c5e186a78434,760,1280,RGB,PNG,
valid,6/zimage_topdown_v1_digit6_047.png,6,6,b7f4ea0fd46a55a146296b56662cf00d5043be54fc459760045a24aa08c9433c,760,1280,RGB,PNG,
valid,6/zimage_topdown_v1_digit6_048.png,6,6,833d0225c5455b43059c2ae9ce7bd9e515eb7d2ed4d582785831d85efa45901f,760,1280,RGB,PNG,
valid,6/zimage_topdown_v1_digit6_049.png,6,6,e000d71402f807834f32a292c8bdf6c3b4b7c902550fc20b9b577fc5473899bc,760,1280,RGB,PNG,
valid,7/smoke_test_prompt_v1_digit7_000.png,7,7,df7f036d4583abd086f37cff8ad8cf14911be97088da2fc98381ef51a8936307,760,1280,RGB,PNG,
valid,7/smoke_test_v2_digit7_000.png,7,7,666175fc23b6c09a21171603b28d81cac60fbfc3ee0f752ce9c4f62c13c91096,760,1280,RGB,PNG,
valid,7/zimage_topdown_v1_digit7_000.png,7,7,42733de58d94a57ae5aaebdee4f2d632a77cb19857f50ef9906bf043705dc2e4,760,1280,RGB,PNG,
valid,7/zimage_topdown_v1_digit7_001.png,7,7,89daf012ac77a71062a2e08ed2db0388a8ae6f820be647cb93f8b5e0c900b7cc,760,1280,RGB,PNG,
valid,7/zimage_topdown_v1_digit7_002.png,7,7,68a3f0ff3ad09c68e82205d8d211fe4b733ef0d6be74581325dad7f4a017df68,760,1280,RGB,PNG,
valid,7/zimage_topdown_v1_digit7_003.png,7,7,aedc3e018a8810b2c6a2a0c07ab443fa9cf205bc26a1beb783fbe3966f3b2790,760,1280,RGB,PNG,
valid,7/zimage_topdown_v1_digit7_004.png,7,7,ebddb570e7339445ae65d2b8c9e5aeefa8b45b9fa3eac013322cd4214f074e8e,760,1280,RGB,PNG,
valid,7/zimage_topdown_v1_digit7_005.png,7,7,e683fabc7e35cccde174b2b5f8d906df413abc5decdc3c69836b1b2fd1de350a,760,1280,RGB,PNG,
valid,7/zimage_topdown_v1_digit7_006.png,7,7,b8d8fe8fe4693b81df75335b41d6a258a9ce22b5f1e2895672b96c7d61878796,760,1280,RGB,PNG,
valid,7/zimage_topdown_v1_digit7_007.png,7,7,d8cbe66b61129a1a4d89f99eabef77414233a805525a7f0396e23904af1b3754,760,1280,RGB,PNG,
valid,7/zimage_topdown_v1_digit7_008.png,7,7,7b6755416f69261486146d195cbff1c32cf4bb3aa94de59ad0eec29e38dd092b,760,1280,RGB,PNG,
valid,7/zimage_topdown_v1_digit7_009.png,7,7,46e4bf0fff70c6a178ac1be9b85688280f80b036a44c80ad4ca76fdf170dc98d,760,1280,RGB,PNG,
valid,7/zimage_topdown_v1_digit7_010.png,7,7,5f9ab7ba0221a4f0ff6007da9c98221d8ce07e31e73f3dcc704afe339f310e55,760,1280,RGB,PNG,
valid,7/zimage_topdown_v1_digit7_011.png,7,7,662371a12f7563cc7e0ffa3adfd513bc50ddd8fc0b51b501b37a9d42836e78fd,760,1280,RGB,PNG,
valid,7/zimage_topdown_v1_digit7_012.png,7,7,3a1aed28a7983f1d791b42de820f0277b0916ce5ddd3d53674192083065ab723,760,1280,RGB,PNG,
valid,7/zimage_topdown_v1_digit7_013.png,7,7,cfb3a58d19a45bbe7757289bcd31989d30bc575dce799f5b79ff04153eca0263,760,1280,RGB,PNG,
valid,7/zimage_topdown_v1_digit7_014.png,7,7,0312bdde15a12abcc5aabf37772fe7b4658e17f339c157e616c6b1d018a3b9d4,760,1280,RGB,PNG,
valid,7/zimage_topdown_v1_digit7_015.png,7,7,0cecb9ada219ff6d8b6cad16fc6850e8ca8830b8a62c0b1e1a372f30ed582e15,760,1280,RGB,PNG,
valid,7/zimage_topdown_v1_digit7_016.png,7,7,7337b0d1579e210f1f839326781a89c6681a6e586b06d66627ef83789f73663f,760,1280,RGB,PNG,
valid,7/zimage_topdown_v1_digit7_017.png,7,7,e53668e6ca471443a75f5eacd0c8d812a9081dbeb11507d8aa00039556786715,760,1280,RGB,PNG,
valid,7/zimage_topdown_v1_digit7_018.png,7,7,f91b02db65dbb76b01040fbf075e9b3b0801919a9cbb7c01ffb38c7ed54b9224,760,1280,RGB,PNG,
valid,7/zimage_topdown_v1_digit7_019.png,7,7,bd1e55adfbb4cd23f0d4a7100a2da5d0479101c560d0c0372e5a285fbc13cd04,760,1280,RGB,PNG,
valid,7/zimage_topdown_v1_digit7_020.png,7,7,9d15c71ae4a1637dbf37146fb4ec9307070595ac7a1c2847e125586c735174e1,760,1280,RGB,PNG,
valid,7/zimage_topdown_v1_digit7_021.png,7,7,31613c06794a6e3853e036c0890230a5f53cc8f1492191043fc01d31a0f417db,760,1280,RGB,PNG,
valid,7/zimage_topdown_v1_digit7_022.png,7,7,c6c6c3c7f37d3b6ade8e05ba8d429004662fb29f21836da93876b8ae5a5997a9,760,1280,RGB,PNG,
valid,7/zimage_topdown_v1_digit7_023.png,7,7,e49c89ebdfe1d093b4c7eea7d88e36812be33e6f8528b7bff90c884b9b2cbe3c,760,1280,RGB,PNG,
valid,7/zimage_topdown_v1_digit7_024.png,7,7,42fefd7fe6a11ae20e66e5482cee035dd4c01b6cd1da42f84ddb025be8b72f9d,760,1280,RGB,PNG,
valid,7/zimage_topdown_v1_digit7_025.png,7,7,2442c607f152d49010eeca90385fc28b2ef1c1aab5b2417eb831eb1ce3a1945f,760,1280,RGB,PNG,
valid,7/zimage_topdown_v1_digit7_026.png,7,7,c9f9afa1ac06f998c9aa048b9bbe15ca6536cc241533e27f5e20d222484fbcb3,760,1280,RGB,PNG,
valid,7/zimage_topdown_v1_digit7_027.png,7,7,af3c6b2411c165a48ff060aa35509be06aef9ddd5677033ea89e8e903235df2f,760,1280,RGB,PNG,
valid,7/zimage_topdown_v1_digit7_028.png,7,7,631672c76b0c3c2beb25b6a642b19f4b003cb0b6189b460ab0b32b212da37fa8,760,1280,RGB,PNG,
valid,7/zimage_topdown_v1_digit7_029.png,7,7,3336aa1f9831bd880fec1b9f1965750ad42b7155503f85e073689863fc0c0be2,760,1280,RGB,PNG,
valid,7/zimage_topdown_v1_digit7_030.png,7,7,c21b3fb94a2b661141f5fccbb75b0ff939d7934a0a35f94e73ec8d5fff88a6c2,760,1280,RGB,PNG,
valid,7/zimage_topdown_v1_digit7_031.png,7,7,a313425e55f22233dbc33de50fe364ddfef54c65bbda614bf4132c53b15f1e24,760,1280,RGB,PNG,
valid,7/zimage_topdown_v1_digit7_032.png,7,7,b4bfac2f918309d1584e06a85da93425640fcc532f096d6a1a61148cb3f6ed28,760,1280,RGB,PNG,
valid,7/zimage_topdown_v1_digit7_033.png,7,7,f8e19f440c7f0ccea498c343a6c17bfd67e62582116aaaddb0b30e8c0bdbfa00,760,1280,RGB,PNG,
valid,7/zimage_topdown_v1_digit7_034.png,7,7,d0c7827913cebd95e9ca090ae70101c7ef8f880475fb873a994c8c3553c0d929,760,1280,RGB,PNG,
valid,7/zimage_topdown_v1_digit7_035.png,7,7,91a88f280e2f0a78b94b9bcff76f0efb9f9decf93e263c6e1eaccf5a33afdaeb,760,1280,RGB,PNG,
valid,7/zimage_topdown_v1_digit7_036.png,7,7,608bcfcd43e58da006f0928bc4fc5a7327f459f516345f00445e5e7d4c84d452,760,1280,RGB,PNG,
valid,7/zimage_topdown_v1_digit7_037.png,7,7,2408c991ad65813e41a418c72decb7d39a49931b1c3f62826b8aa6b5ce06eb73,760,1280,RGB,PNG,
valid,7/zimage_topdown_v1_digit7_038.png,7,7,7ac16a8c0ac9dccf3e0ce2024af9dfc0eddc99f4365255b00bc4d907f0675c74,760,1280,RGB,PNG,
valid,7/zimage_topdown_v1_digit7_039.png,7,7,012754ccb4c33c814f61dde7cd070135ba3019fe0ae4bcf20c8b6da87330455c,760,1280,RGB,PNG,
valid,7/zimage_topdown_v1_digit7_040.png,7,7,d72ed3f4ecc9fde7d29f2ab1faa3f70f1a79699f661b127e3fa36e33dfd97f50,760,1280,RGB,PNG,
valid,7/zimage_topdown_v1_digit7_041.png,7,7,9964cea1f8b235cc33b4d280d6d0f03b283b18da71aa0ab1a3a7913e78e2b83b,760,1280,RGB,PNG,
valid,7/zimage_topdown_v1_digit7_042.png,7,7,c3750ed38357477ef1c36fba098589965acc756b22f55d70eed53a4a02d810cf,760,1280,RGB,PNG,
valid,7/zimage_topdown_v1_digit7_043.png,7,7,c93a2c27264889d07144707ba54267f2bfd1f4a5a8ab54142383e4954f0fd7e4,760,1280,RGB,PNG,
valid,7/zimage_topdown_v1_digit7_044.png,7,7,97871ee9f1cbc241fd966b3e76d82c27fa83400a9e7f3e0d118ee428141eb98b,760,1280,RGB,PNG,
valid,7/zimage_topdown_v1_digit7_045.png,7,7,6e2063010fa741f61bd928a2870405caa1102b1fbabd85213510d0d4a80b5c98,760,1280,RGB,PNG,
valid,7/zimage_topdown_v1_digit7_046.png,7,7,f9b03505b3ceb01ba3b0c1197417d29455a0df49cadb340668dcbf4bf64008d0,760,1280,RGB,PNG,
valid,7/zimage_topdown_v1_digit7_047.png,7,7,143b89b41583436b6a165552e306b57fd209e2e7ecd6f29a59508b5b60fe6efb,760,1280,RGB,PNG,
valid,7/zimage_topdown_v1_digit7_048.png,7,7,2eba0418df2010936eaa4100496d6b58a47b7c0f0ddfc1c32aa653e4dc7741db,760,1280,RGB,PNG,
valid,7/zimage_topdown_v1_digit7_049.png,7,7,4dbf7fdb8382d8b72da978c86d861179510adf362a3bb68ee96eb1b2c39a3be6,760,1280,RGB,PNG,
valid,8/zimage_topdown_v1_digit8_000.png,8,8,c032ebbe244d30ab1d62f02512c30de483780da6f17ac5a81bed2f8893b29084,760,1280,RGB,PNG,
valid,8/zimage_topdown_v1_digit8_001.png,8,8,81539d6d2cbdaaf6697484dfb9dfd27455e30c7baf743da872d5f12e38ce73f3,760,1280,RGB,PNG,
valid,8/zimage_topdown_v1_digit8_002.png,8,8,57a075ad3ec106a472ec4da1e49186f72d7ca24f155bea6ec69d559571e6e3fc,760,1280,RGB,PNG,
valid,8/zimage_topdown_v1_digit8_003.png,8,8,4d2b7ab39f1a31404214aefd9c44d8e3b1100ee6cabb7a7bd0d92751c6ed30a5,760,1280,RGB,PNG,
valid,8/zimage_topdown_v1_digit8_004.png,8,8,8603356772b160fd9275a1a31ba14261b8205d7b2258205d88dc2e84f3feb4ab,760,1280,RGB,PNG,
valid,8/zimage_topdown_v1_digit8_005.png,8,8,b28848315995ab187d208cb965b2c5679e20c4febd09ee2efb7cb072da92fa00,760,1280,RGB,PNG,
valid,8/zimage_topdown_v1_digit8_006.png,8,8,aa8f6f45f0860e49698011e73a078de34503de854b8e9274e8a8417bab4c8dbe,760,1280,RGB,PNG,
valid,8/zimage_topdown_v1_digit8_007.png,8,8,3d69e5671ee0af5c33a61a669dedcca516c8e2c982edb7c014fb404854c58159,760,1280,RGB,PNG,
valid,8/zimage_topdown_v1_digit8_008.png,8,8,af4873911290a5a56b73ea4f8d46c43a371d0c65db093bd76cd03a09ab4408fa,760,1280,RGB,PNG,
valid,8/zimage_topdown_v1_digit8_009.png,8,8,3d26929706bd4e641ce8dae0e4fe3549567ef8e772ca4d8a8b6aefa5c2188a5b,760,1280,RGB,PNG,
valid,8/zimage_topdown_v1_digit8_010.png,8,8,00344ee9e4b481915fb1b1783b3adfc0639b2608d46d8cf98c2d6d43564dfd50,760,1280,RGB,PNG,
valid,8/zimage_topdown_v1_digit8_011.png,8,8,1b8d3768f846f937a95ec10b370c8eab53fa844a6029cb4c9f9c8f8ee95fd08f,760,1280,RGB,PNG,
valid,8/zimage_topdown_v1_digit8_012.png,8,8,140c6fff810aed077896de60ef17701d1f909aaa5a1eba444b021d0e2857fd44,760,1280,RGB,PNG,
valid,8/zimage_topdown_v1_digit8_013.png,8,8,1c0820f48cca415483104334bcb10fd5cf3b2bed925883bff8dd5700c01e53e0,760,1280,RGB,PNG,
valid,8/zimage_topdown_v1_digit8_014.png,8,8,6496177c89372069fa9b1d3e3c485d5d5fff2fe908016e145858026fd0e705a4,760,1280,RGB,PNG,
valid,8/zimage_topdown_v1_digit8_015.png,8,8,54898bc51014be6ebf5bef916a6d74bb5ce765a5fc7c12862cb1c00d963a60ee,760,1280,RGB,PNG,
valid,8/zimage_topdown_v1_digit8_016.png,8,8,80944cc9b767a024e684aa68126305cf6857d7328942d8eff07de91d2a5c725f,760,1280,RGB,PNG,
valid,8/zimage_topdown_v1_digit8_017.png,8,8,6620d7a16281d2ff427a8d4b4f219468e25cce9b5e854e7deddfadc06f0fdc77,760,1280,RGB,PNG,
valid,8/zimage_topdown_v1_digit8_018.png,8,8,2039919021bf277b1636f11ffaa2c424f050b68101fc1660fff768ae68b0d273,760,1280,RGB,PNG,
valid,8/zimage_topdown_v1_digit8_019.png,8,8,8d4e396c22c8718a01f9c7fdd05df78807949db47d14d2253a9a54c992d00f13,760,1280,RGB,PNG,
valid,8/zimage_topdown_v1_digit8_020.png,8,8,27c751132f92e393d146e772c99f6c84c6fee910b991f8514d34f78c62a504e9,760,1280,RGB,PNG,
valid,8/zimage_topdown_v1_digit8_021.png,8,8,50cf11d35fde7a91e9ae3e28bc2b62a16b95983782f4b53796fe0ffbff325e55,760,1280,RGB,PNG,
valid,8/zimage_topdown_v1_digit8_022.png,8,8,dd4902f07d8d772316af2da3ac47daf1cb0ce486430cae660f2bb990297c9dd7,760,1280,RGB,PNG,
valid,8/zimage_topdown_v1_digit8_023.png,8,8,00e55c81e75015fa70ae64b8b297f4f0815f0e97786bb26799c3188e0c35490d,760,1280,RGB,PNG,
valid,8/zimage_topdown_v1_digit8_024.png,8,8,2515f8c26891825bff12be9a3061d3507dd9869a8c5388473528167d706bb941,760,1280,RGB,PNG,
valid,8/zimage_topdown_v1_digit8_025.png,8,8,15efb143dba8b9fa8c2ca2260d90f80ca032ccf585febae2fdaa77c95c357887,760,1280,RGB,PNG,
valid,8/zimage_topdown_v1_digit8_026.png,8,8,61098631a13e554cb44a875c6433771ab46c7576b5dc79e113f8d87b951cba4b,760,1280,RGB,PNG,
valid,8/zimage_topdown_v1_digit8_027.png,8,8,d83fed59ee29088b22bf26b0e4e14647b242b03bc00bb2e939a63f7084a63eca,760,1280,RGB,PNG,
valid,8/zimage_topdown_v1_digit8_028.png,8,8,5e03e34958e22881c0333ac787477216ace67a52dfb637ba556db50368ac0a77,760,1280,RGB,PNG,
valid,8/zimage_topdown_v1_digit8_029.png,8,8,45d6ef1f00acd949d71ad212011c8672f5949b933d14d0d509386fc843cf99b1,760,1280,RGB,PNG,
valid,8/zimage_topdown_v1_digit8_030.png,8,8,b5d33976b005504300668a1ba2fd37b441772e384ecbbdfd6e6839ea97ab4943,760,1280,RGB,PNG,
valid,8/zimage_topdown_v1_digit8_031.png,8,8,8e22061ac6f36c2013a2367823c6fe990934249557b9f0619dce6e92ececcdd9,760,1280,RGB,PNG,
valid,8/zimage_topdown_v1_digit8_032.png,8,8,0985055a6de288331e7c0fde62d0515247d962b201b7a4139dfa996b20d8f9c1,760,1280,RGB,PNG,
valid,8/zimage_topdown_v1_digit8_033.png,8,8,3b9566f7ce2f4616404d7b6a64b1d92718a33f14007b19871b5e81153974f72b,760,1280,RGB,PNG,
valid,8/zimage_topdown_v1_digit8_034.png,8,8,11540a72d01dd285ffbde803ed2e5c7a53274a3c297bb2c365b5ec3970efab39,760,1280,RGB,PNG,
valid,8/zimage_topdown_v1_digit8_035.png,8,8,6f6ffeebb99d387da0498509335567ad51c03813d6202bc140fc30546c55a515,760,1280,RGB,PNG,
valid,8/zimage_topdown_v1_digit8_036.png,8,8,27127fca97e06a7859f0e83646d7d1a7748f3ae3e49f169a20a7c7191988baf1,760,1280,RGB,PNG,
valid,8/zimage_topdown_v1_digit8_037.png,8,8,dac6a10c9ff130364539d3361dcc83e63b8f3e62fb56a12a951d7673b581a197,760,1280,RGB,PNG,
valid,8/zimage_topdown_v1_digit8_038.png,8,8,14fb74c591d282b4b9708f28dc0cd02269b1503e343182d5501f25b0f3fb5962,760,1280,RGB,PNG,
valid,8/zimage_topdown_v1_digit8_039.png,8,8,1b4dc0ec3c913569c1c7ab30b0dcad6509d1c2879ae4c11c177d7decb303a3f5,760,1280,RGB,PNG,
valid,8/zimage_topdown_v1_digit8_040.png,8,8,84425931322b6342215e184d7856fe7e011738e7d7a5c5c1d314ce34a9e79847,760,1280,RGB,PNG,
valid,8/zimage_topdown_v1_digit8_041.png,8,8,a4278c8449606d7b34c80ea1279bb20631937250cda76f26b250b9c3d8d39f94,760,1280,RGB,PNG,
valid,8/zimage_topdown_v1_digit8_042.png,8,8,82aed4d2756c73c1ad70d80bc6fa3a1f5e0a3137e7ae87317ee9b8ce847af9be,760,1280,RGB,PNG,
valid,8/zimage_topdown_v1_digit8_043.png,8,8,8975e1fe424a02c4e399b5e3ab0dd45ee657b1128ca8e3a7fb931f6b3c9c109c,760,1280,RGB,PNG,
valid,8/zimage_topdown_v1_digit8_044.png,8,8,1c628d5ecfcb776f28c3e467635ee673e4648be12f52bea7e05d62eefb7c1c46,760,1280,RGB,PNG,
valid,8/zimage_topdown_v1_digit8_045.png,8,8,132ddc950482aee11535ab86afb16fa6a43f95589d5aad438df8604881f96c1e,760,1280,RGB,PNG,
valid,8/zimage_topdown_v1_digit8_046.png,8,8,0f50370e2f64b475a830eaf2fe583580014b9d457c0c6007cb58306a93ad70db,760,1280,RGB,PNG,
valid,8/zimage_topdown_v1_digit8_047.png,8,8,237b8d341fca2fad47cba445fc188b565c626bad46d1cf732e7e1ba975ba3056,760,1280,RGB,PNG,
valid,8/zimage_topdown_v1_digit8_048.png,8,8,06dbd2af9e4d6d46865b9f491768b626eb03e087aeb99d3d85b46b1baced4929,760,1280,RGB,PNG,
valid,8/zimage_topdown_v1_digit8_049.png,8,8,f795d0d170145171f443404a522a9c1a23391161a5fe581b57ee422d44b182fc,760,1280,RGB,PNG,
valid,9/zimage_topdown_v1_digit9_000.png,9,9,802ac339c7a2615e551e0699891c6ad09e63c8612d3af6d24fb58723a5fa3c70,760,1280,RGB,PNG,
valid,9/zimage_topdown_v1_digit9_001.png,9,9,83693ade742e8cb7c92e4c0373951f99225268b86d1ffdf5e6ea85084d06da75,760,1280,RGB,PNG,
valid,9/zimage_topdown_v1_digit9_002.png,9,9,963b9ba1828f02bba61e64b6395515b44631bc4a5828e6f9322582bdb1c42fdd,760,1280,RGB,PNG,
valid,9/zimage_topdown_v1_digit9_003.png,9,9,2657043fca46a9a58241fc366f84efaa37ad477085602eabdb1053da490c73b9,760,1280,RGB,PNG,
valid,9/zimage_topdown_v1_digit9_004.png,9,9,8a6c0ba31f93f2a08351b1767c02f0cb512cd12f97bc0bbf18327600554a931c,760,1280,RGB,PNG,
valid,9/zimage_topdown_v1_digit9_005.png,9,9,1e5f18839614482dd0faa02199b16d9f314982594feb58c1296ea48333c9a95f,760,1280,RGB,PNG,
valid,9/zimage_topdown_v1_digit9_006.png,9,9,c7248340600c12ca9790942b97b71de11a2745fb998bdbfd7cdd214885b24341,760,1280,RGB,PNG,
valid,9/zimage_topdown_v1_digit9_007.png,9,9,302ef1d1cf80156e06ceda31d1f57cd649e387db102651a65aebe40634b7d6a6,760,1280,RGB,PNG,
valid,9/zimage_topdown_v1_digit9_008.png,9,9,f5ce505b81c96245a018ce0e720f89fdf49de95677e2aff5ceb087ce49f2f095,760,1280,RGB,PNG,
valid,9/zimage_topdown_v1_digit9_009.png,9,9,b18180b0aa4038e33b02ba1d51fbc29fc5aac302ca9ef60f4ef1769f0ddf4e10,760,1280,RGB,PNG,
valid,9/zimage_topdown_v1_digit9_010.png,9,9,1dc2eab446f3c443cdd8fed875264a5725f5efd27325db5f08fd4a75a6422f01,760,1280,RGB,PNG,
valid,9/zimage_topdown_v1_digit9_011.png,9,9,48a9a215deccd20fc90c1cc28794e070554acc4d835f4157dba140ce923bd1df,760,1280,RGB,PNG,
valid,9/zimage_topdown_v1_digit9_012.png,9,9,da33d4c92ef785765c2b9d2a469c002a2258367e0b9f817026dafd7bef4ef827,760,1280,RGB,PNG,
valid,9/zimage_topdown_v1_digit9_013.png,9,9,dd0a37d9d03e09f62c8ca6198229e596d6d4420f3a730b3e785b60e696915871,760,1280,RGB,PNG,
valid,9/zimage_topdown_v1_digit9_014.png,9,9,46f232f5994effb37602b1d78f76a515c13634336d8d40ca9cf17d6250615c0d,760,1280,RGB,PNG,
valid,9/zimage_topdown_v1_digit9_015.png,9,9,273621bb775ff993469a85d64c0799f9abd00d70cac5650c985d34970aef9572,760,1280,RGB,PNG,
valid,9/zimage_topdown_v1_digit9_016.png,9,9,6859808cc0b4870e69be4c173be0169b31bee95722f5a0399e911c580b682a02,760,1280,RGB,PNG,
valid,9/zimage_topdown_v1_digit9_017.png,9,9,4d982bcddaa0a2fef3d895e93763859a6198613831b9adac758196a246a8399e,760,1280,RGB,PNG,
valid,9/zimage_topdown_v1_digit9_018.png,9,9,95dc0caad30e83e62de6a46afab383151ff7fd35b0b6766ea31191632224c0f5,760,1280,RGB,PNG,
valid,9/zimage_topdown_v1_digit9_019.png,9,9,284efa7c0fb20d2af5a9ec173fbbe7e974b472649f5485590731d823054977ac,760,1280,RGB,PNG,
valid,9/zimage_topdown_v1_digit9_020.png,9,9,550e4988b019439a37269ee66bb80c0a655f3e49d49d5709ac095acbcef35e64,760,1280,RGB,PNG,
valid,9/zimage_topdown_v1_digit9_021.png,9,9,4d2d5ddc9a7716f63b7fb182dab69a43da30dc2795f82a33287904a2d5f67558,760,1280,RGB,PNG,
valid,9/zimage_topdown_v1_digit9_022.png,9,9,abd7eb9a123241ec0c2b2e4ea6c11e9f23761d21ecda887c82485a9e3b1a4f7a,760,1280,RGB,PNG,
valid,9/zimage_topdown_v1_digit9_023.png,9,9,e85063c475abef92154c643dccac9ed698c7c0f708d78136aec5dbadeb17ea0e,760,1280,RGB,PNG,
valid,9/zimage_topdown_v1_digit9_024.png,9,9,24237359410e0327593a215c1ce5b561c39796fb14e3ab8c8c468db89a83ef66,760,1280,RGB,PNG,
valid,9/zimage_topdown_v1_digit9_025.png,9,9,ca1ac3ac0037029cdfb2ec9c6b32acbd10cddfbbd62029b0efff4a81bf542463,760,1280,RGB,PNG,
valid,9/zimage_topdown_v1_digit9_026.png,9,9,bd283a6155c22eeaba52d70d63fdc7117519a16031cb2d9843e301add6a3b4a1,760,1280,RGB,PNG,
valid,9/zimage_topdown_v1_digit9_027.png,9,9,bfb38f9cf207942df092862290112590a21467172f0e5daeabe4dd2e0a87468c,760,1280,RGB,PNG,
valid,9/zimage_topdown_v1_digit9_028.png,9,9,cc3e1b61f042ec3a510487d722a747470e84f6151423de80615d099d82659b2e,760,1280,RGB,PNG,
valid,9/zimage_topdown_v1_digit9_029.png,9,9,6bf35449a1a135bd680a5df00f2f82a3bc146fab66d9418e9e644757bfc117e3,760,1280,RGB,PNG,
valid,9/zimage_topdown_v1_digit9_030.png,9,9,6a2632f7baaab28f6cc4fe91002075cf9d434d43aa2be298b500f209bbbe5f03,760,1280,RGB,PNG,
valid,9/zimage_topdown_v1_digit9_031.png,9,9,994f6b007146933e9a4e9603757c82d546b7a4e3fa02bf9e7365d1dab4994042,760,1280,RGB,PNG,
valid,9/zimage_topdown_v1_digit9_032.png,9,9,da19b3764720419ce4ac92b0d231b6410c03b5311a004c4eb1543658e01bdac7,760,1280,RGB,PNG,
valid,9/zimage_topdown_v1_digit9_033.png,9,9,94ab5097186f0fe8bdadcc75c1fc8a3f883b9334c212af881f6c8bbedf617408,760,1280,RGB,PNG,
valid,9/zimage_topdown_v1_digit9_034.png,9,9,edaae5ef419760070852c75bd5f540647fbb7a2f97b52bee8a455c21b56fb8a4,760,1280,RGB,PNG,
valid,9/zimage_topdown_v1_digit9_035.png,9,9,b78a6cd741937acf5b753f704c76aff4b94c946184c28cd4f3f0bdc160c0cede,760,1280,RGB,PNG,
valid,9/zimage_topdown_v1_digit9_036.png,9,9,61830f6e73580043931b048870e88ddd16a737ceeae2d65a33bc3ab3d7c1eb73,760,1280,RGB,PNG,
valid,9/zimage_topdown_v1_digit9_037.png,9,9,db89963ce8c0007c822e64172aff62fad9f095fd1799812d73db97c195b6cbcf,760,1280,RGB,PNG,
valid,9/zimage_topdown_v1_digit9_038.png,9,9,da7405023a97bf9e5459c96ef78bf81d9783d95f23888fb272ec2035f14cefab,760,1280,RGB,PNG,
valid,9/zimage_topdown_v1_digit9_039.png,9,9,da5c86bea8ebb1cf35f9d7c3732de3c9d138d0f32134006f090bd30e1495e3c1,760,1280,RGB,PNG,
valid,9/zimage_topdown_v1_digit9_040.png,9,9,39c8c17db24c299451aef3bfa48959ee85ed2620ad01ff21847b997e962979c0,760,1280,RGB,PNG,
valid,9/zimage_topdown_v1_digit9_041.png,9,9,865b019dc2326d239dfb77c2b8c50104b6615d6cf15440b1ba3a1e434c31f283,760,1280,RGB,PNG,
valid,9/zimage_topdown_v1_digit9_042.png,9,9,000451c65578084bc74dd87be7ec882605097ce65bcc44ea2ff5e36b6f93139e,760,1280,RGB,PNG,
valid,9/zimage_topdown_v1_digit9_043.png,9,9,b29cdb8c8616890f1bc227ff8e8123bc2384198922f8958925cf0efa2e89fdbf,760,1280,RGB,PNG,
valid,9/zimage_topdown_v1_digit9_044.png,9,9,5bcc17160d8e500552c2c41344f936e51d8ac7dee7b3bc519766857c1e7a936b,760,1280,RGB,PNG,
valid,9/zimage_topdown_v1_digit9_045.png,9,9,8c196e42b258160b2d7d60af559da8bf8e3f136de5a162676df1a0c31a3d11e4,760,1280,RGB,PNG,
valid,9/zimage_topdown_v1_digit9_046.png,9,9,bd69bcb28c1a53d5574cbe79a0d5d17deca674d22187fee10db80d379ecf7385,760,1280,RGB,PNG,
valid,9/zimage_topdown_v1_digit9_047.png,9,9,70b7e0cc6abb7674a7ba5dff011ebe7c2ea637da0b78da076e83214f9d5eb6c0,760,1280,RGB,PNG,
valid,9/zimage_topdown_v1_digit9_048.png,9,9,595ecb41877b33b75c495af0fe37cfff7c3982d96d7fd5509e496f7088c267e6,760,1280,RGB,PNG,
valid,9/zimage_topdown_v1_digit9_049.png,9,9,0fc22368e13d7a54f33a9c67ea53f1ee1263c76f2f99ff41409686439da86cf4,760,1280,RGB,PNG,
