index,expected,prediction,logit_0,logit_1,logit_2,logit_3,logit_4,logit_5,logit_6,logit_7,logit_8,logit_9
0,0,3,-2.00048804,-0.452289253,-0.0433420837,1.50309956,-0.926752627,0.889986992,-2.23422217,-0.871662319,-0.367841691,0.292055994
1,0,5,-1.44307029,-0.708750784,-0.0343024619,0.684724092,-0.47497952,0.864962518,-1.77726126,-0.115956835,-0.720244706,0.366707355
2,0,5,-1.53405726,-2.23399115,-1.35682392,0.475331038,-1.89849234,1.98653436,-3.40767527,0.604092181,0.341670692,1.4525162
3,0,3,-1.92892373,0.844017804,1.72905433,2.36677289,-5.0673852,1.73861861,-2.90657401,-2.54440761,-0.373390436,-2.05230451
4,0,9,-1.43850303,-1.62551773,-0.669533134,1.0728693,-1.51931262,1.11319971,-3.30232978,0.654894114,-0.224561676,1.15944624
5,0,3,-1.87760735,-0.135241672,0.826634705,2.47123337,-3.47207069,1.30548275,-3.5120697,-0.856703341,-0.366383255,-0.448380649
6,0,8,1.72976816,-4.08291721,0.71194756,-2.28429675,-0.72488451,-2.25719023,0.809994459,-3.64892578,3.00609493,-2.37436795
7,0,8,1.58841527,-2.42891145,1.14116728,-1.63611877,-2.18952656,-1.93168688,0.0503288358,-3.14818835,3.49692822,-2.71265817
8,0,7,-1.02543604,-1.99924755,-1.4018774,0.78327775,-2.93045688,1.94677067,-4.24304771,2.74673223,-0.917841196,0.53599298
9,0,7,-1.55241585,-1.56261563,-0.491484761,1.58732903,-2.97011781,1.18465686,-4.74246979,2.51940036,-0.88120389,0.448234141
10,0,3,-1.56657875,-0.249719948,0.767082691,1.77115667,-3.21424627,1.49719357,-2.84092045,-0.246625096,-0.619587958,-0.630550086
11,0,5,-0.689213812,-1.18501449,0.146335557,0.750282645,-1.89331365,1.42273974,-0.553871572,-0.751332819,0.142210588,-0.308288366
12,0,5,-1.85626101,0.745356679,2.33214593,2.12913084,-6.30658293,2.58071685,-2.67932868,-2.62607718,-0.505140185,-2.62245321
13,0,3,-1.81819797,-0.679237723,-0.0594902858,1.06706393,-0.654062331,0.997033298,-1.95493925,-0.50828135,-0.577901125,0.363518715
14,0,3,-1.3989085,-0.813074768,0.148787826,0.969570041,-0.789391041,0.949830234,-1.67424405,-0.384466082,-0.657173395,0.11118678
15,0,3,-1.04720855,-0.61880213,-0.0466892645,1.0368855,-1.2045548,0.709555387,-1.95952415,0.233478203,-0.482537419,0.26364705
16,0,3,-1.57553685,-2.27457857,-0.562761545,1.79596806,-1.66198277,-0.353164256,-5.57284403,1.29113436,0.379407167,1.50145435
17,0,5,-0.785977781,-1.46108758,0.325949341,0.810986638,-3.57459903,1.55201995,-2.75523615,1.35618949,0.047686886,-0.556373477
18,0,3,-1.50764656,-0.152559832,0.895280361,2.18524742,-4.37890911,1.84864712,-3.77392793,-0.975188255,-0.277147621,-0.70457989
19,0,5,-1.97184706,-1.19372094,0.284588158,0.848791718,-0.596676469,0.96027261,-1.80576026,-0.619345963,-0.527333558,0.0576740354
20,0,5,-1.13700807,-1.1612649,-0.705626786,0.652204156,-1.92315888,1.73724198,-2.23944354,0.801697016,-0.482581705,0.292862892
21,0,2,-1.43859839,0.776831329,2.30492425,2.04482746,-6.01557112,1.95488274,-2.76612163,-2.35738373,-0.283731878,-2.57770276
22,0,3,-1.9028039,-0.858688533,0.239393353,1.38363433,-0.796526492,0.663783073,-2.44839525,-0.436285168,-0.438468426,0.238222137
23,0,3,-1.96734881,-0.238151133,-0.217879236,1.4022876,-1.09335494,0.974779844,-1.95192087,-1.09506953,-0.0489701629,0.258826941
24,0,5,-0.449898601,-1.46785879,0.618400216,0.985882044,-2.06793046,1.30920148,0.0785526112,-1.27763975,0.0870736837,-0.954749465
25,0,5,-1.09473896,-0.947128654,-0.0377041213,0.943711162,-1.29370785,1.01749229,-1.67458534,0.0401863158,-0.495263636,0.213083759
26,0,3,-1.49936235,-1.08338225,-0.292688429,1.43472934,-2.26109529,1.41759896,-2.94545126,0.311772317,-0.488607854,0.557017207
27,0,7,-1.14027452,-1.43982458,-0.572651327,0.94080317,-2.63926673,1.50498629,-3.30316019,1.52050471,-0.581189156,0.586998761
28,0,3,-1.5076642,-0.541942656,0.21257478,0.901610255,-0.590848863,0.560745358,-1.80190694,-0.134892359,-0.517912865,0.145347461
29,0,3,-1.86893058,-1.00054753,0.285912812,1.22287416,-0.843016803,0.900822163,-2.10517144,-0.400523931,-0.635642827,0.0374167487
30,0,8,2.21990323,-3.23741126,0.466020256,-3.73620939,-0.98978591,-2.13353467,1.55312502,-3.69162536,4.23740959,-3.1100421
31,0,9,-1.70900559,-1.64782226,-0.859363317,-0.219932944,-0.122174837,0.533609927,-2.366117,-0.715710104,0.739584684,1.3079046
32,0,3,-1.92624593,-0.834336102,0.208439171,1.39499748,-0.8021788,0.873914242,-2.1764853,-0.729447007,-0.503705144,0.132838145
33,0,3,-1.62156105,-2.05611038,-0.260988981,1.93427801,-3.58956552,1.87744522,-3.74762106,0.276308149,0.0494347252,0.806480169
34,0,5,-1.4552505,-2.36399436,-1.70880497,0.454233199,-1.70770669,1.64165986,-4.17978716,0.849012613,0.619044483,1.62295866
35,0,3,-1.89560115,-0.596190214,-0.0461224318,1.34290648,-0.855830073,1.04697597,-2.09697914,-0.664031088,-0.605595291,0.259982765
36,0,8,0.146176249,-1.72347784,1.20624995,-0.230945528,-3.02529311,-0.234858975,0.328056723,-4.24251223,2.58486986,-2.72329235
37,0,5,-1.45463932,-2.17476344,-1.54156578,0.1936647,-1.49586558,1.66093373,-3.98194098,1.04579663,0.380286425,1.58282351
38,0,8,2.73995948,-4.37048721,0.675635934,-2.93761349,-2.16968656,-2.38508439,-1.54442334,-1.81795216,4.88541317,-1.92815697
39,0,8,2.600003,-4.35732269,1.45548201,-2.47632122,-1.91091156,-3.21408105,-0.163247854,-3.66104555,4.09645987,-3.06079435
40,0,3,-1.8157202,-0.625706136,-0.0165978409,1.33000731,-0.842397213,0.94742322,-2.14464021,-0.572099626,-0.534726858,0.294574022
41,0,3,-1.60031378,-1.61605275,-0.122522481,1.27340591,-0.661950827,-0.0329208672,-2.62335443,-1.02775466,0.938572705,0.619631946
42,0,3,-1.96137881,-0.851304054,-0.146527678,1.18519723,-0.519659877,0.979317307,-2.41121221,-0.466852218,-0.70811224,0.564931273
43,0,3,-1.3415879,-0.704242289,0.575680435,1.53899753,-1.45702553,-0.196941152,-2.68591928,0.100173093,0.370842576,0.114036411
44,0,8,1.46687627,-1.90369368,-0.903181732,-3.41823459,-1.04705882,-1.17140841,0.16618526,-2.12198186,4.1279726,-1.5810008
45,0,3,-1.32596111,-1.69505262,0.111295141,2.2615273,-3.84933376,1.01972449,-4.60528517,1.54348636,-0.38132751,0.281674147
46,0,5,-1.43169475,-0.83624208,0.336431175,1.59388447,-2.91433144,1.68666124,-2.49150777,-2.60301042,0.901586175,-0.211687624
47,0,3,-1.72537768,-1.5051434,0.0931903943,2.27392864,-3.44764709,1.27851808,-4.17651463,0.900669873,-0.397411019,0.383235127
48,0,3,-1.7070775,-0.596694112,0.189653993,2.09521937,-2.15131187,0.742600083,-3.1279819,-0.332943261,-0.121867821,0.223905563
49,0,8,2.11060095,-3.84975505,1.31411147,-2.50425196,-1.56432295,-3.58498192,0.107245639,-3.98986173,4.73096514,-3.46003127
50,1,3,-2.45735669,0.254797161,0.263425946,2.04310465,-2.11718702,0.93633312,-2.25361776,-2.05095625,0.279826432,-0.432509899
51,1,8,0.254212111,-3.38976097,1.14921749,0.055438295,-0.646945417,-3.03771758,-1.75585532,-2.80411386,2.24156332,-1.63012922
52,1,8,-1.34585774,-1.13581181,-0.0212998465,-0.417810291,-1.27167368,0.427609921,0.249079868,-2.67923403,2.6233685,-1.0800972
53,1,8,2.50510526,-4.63966036,1.358549,-2.69208479,-1.14675736,-3.97216535,-0.386207938,-3.60942864,3.98340082,-2.92279243
54,1,3,-1.44689882,-2.15244293,-0.337760538,2.80677295,-4.98288727,1.71215045,-5.31836271,1.39555109,-0.371844441,0.415639222
55,1,5,-2.08979201,-0.0571459346,0.266749144,0.634277105,-0.848496974,0.8099702,-1.53736389,-0.463824779,-0.789666235,-0.483096331
56,1,8,2.50042176,-4.38610411,0.753184557,-3.17375493,-1.27310801,-2.87425327,-0.682020843,-2.8164773,4.36165333,-2.04016495
57,1,3,-2.10344362,-0.146199316,0.168466032,1.04539728,-0.783923268,0.739495933,-2.02166128,-0.426024675,-0.601466358,-0.276854187
58,1,3,-2.51243186,0.385525376,0.224008054,2.02771521,-1.37069464,0.0835525542,-3.31601739,-1.08246875,-0.052414529,0.388556927
59,1,8,-0.513172209,-1.89437866,0.593937993,0.87690413,-0.962415695,-2.32613635,-2.39283752,-2.09627223,2.81955695,-0.846315265
60,1,8,-0.774090827,-1.16295826,0.389407754,0.631152868,-1.34443021,-0.637938559,-1.48730791,-1.90561914,2.32181501,-0.836436033
61,1,3,-1.94876122,-0.219353199,0.0591135807,1.58918738,-1.6416688,0.921650827,-2.40712023,-0.425791234,-0.255801111,0.0637058169
62,1,5,-2.55359149,0.723845243,0.46023044,0.789308548,-1.89876533,1.38049424,-0.929095089,-2.03631926,-0.684436381,-1.2573843
63,1,3,-1.96630371,0.0933474824,0.130114466,0.818750858,-0.79596746,0.626961291,-1.71339452,-0.580438614,-0.169626281,-0.266886353
64,1,3,-2.18798804,0.0691952929,0.924681485,2.45838356,-4.03816223,1.62818062,-3.74774432,-0.694133461,-0.353092045,-0.697795153
65,1,3,-1.28007352,-0.49503082,-0.0343753397,1.44025528,-1.67666554,0.552541912,-2.61665726,0.632689953,-0.36296156,0.118541948
66,1,7,-1.82513404,-1.87306547,-1.34915495,1.06174672,-1.66826057,0.958994508,-4.84744167,2.45355248,-0.502038658,1.30338681
67,1,3,-2.9664166,0.223013923,0.335442871,2.44445157,-2.35422945,0.793660522,-3.09244943,-2.2476244,0.71990943,-0.370935321
68,1,9,-1.61210537,-1.07298362,-0.519507051,-0.0664412975,-0.167547882,0.170631886,-2.2136929,-0.224323988,0.351885259,1.02856433
69,1,7,-0.841604471,-2.12429428,-1.63857007,0.319456935,-4.02717257,2.70589137,-4.47384453,3.77539897,-1.14084351,0.00935217924
70,1,3,-1.83105326,-1.63329566,0.0937767923,2.60818791,-4.30200958,1.29138577,-4.78749752,1.13441277,-0.107669912,0.278663158
71,1,7,-1.28225708,-1.61106634,-0.38013339,1.52486968,-3.51683307,1.4468751,-4.30586672,1.94299936,-0.542301178,0.506308734
72,1,7,-1.6941632,-1.48191011,-0.721283913,1.50283062,-2.60100293,1.1201396,-4.69045544,2.37170553,-0.820545852,0.689690232
73,1,3,-2.06200004,-0.348015636,-0.310495138,0.85949862,-0.54058069,0.386062145,-2.31531715,-0.267002165,-0.381822944,0.440004736
74,1,8,-0.982257962,-1.57755423,0.190326422,0.752604246,-2.47752428,0.470644355,-1.66997027,-2.14242363,2.72487903,-0.627923548
75,1,2,-2.908005,1.24790275,1.92469597,0.878138065,-1.78496361,1.63258243,0.213416651,-4.97800398,-3.31497169,-4.38435411
76,1,9,-1.20671988,-1.88858783,-1.32550919,-0.551309586,-0.804987848,0.903795004,-2.8751874,-0.172842547,1.19474578,1.49892688
77,1,3,-2.35919261,-1.26674235,-0.367237777,3.13464665,-2.09235668,-0.290501893,-5.06446552,-1.07097983,1.1566335,0.862010598
78,1,3,-2.08938456,-1.21126425,0.0489624515,3.00669146,-3.99677205,0.937472284,-5.72108555,1.16712129,-0.22054714,0.375660002
79,1,8,-0.78687948,-1.74019456,0.0471327603,-0.954885125,-1.47194958,-0.303848803,0.183760896,-4.01572418,3.95821762,-1.77856052
80,1,8,2.33539438,-4.69578457,0.940646291,-2.60235953,-1.4118948,-2.70737839,-1.0499512,-2.3190701,3.63488054,-1.6499331
81,1,9,-1.64913273,-1.52267873,-0.944146991,0.210123837,-0.86967355,1.35964632,-2.25294971,-0.457284629,0.543874502,1.44332898
82,1,7,-1.54294121,-1.43325567,-0.311856657,1.7458123,-3.5961225,1.31169724,-4.48867226,1.88955748,-0.316913694,0.321846992
83,1,3,-2.1970017,0.2865749,0.39258343,1.56480098,-1.21545267,0.301553041,-2.55279207,-0.630957603,-0.231062174,-0.247496367
84,1,8,2.03267431,-2.54514575,1.63927996,-2.24914312,-2.68477893,-2.19574952,0.747291625,-4.04866171,3.54942369,-3.94094062
85,1,7,-1.65786803,-1.75185132,-1.50419867,1.06143749,-2.24023533,1.37330663,-4.7552762,2.79001427,-0.801930368,0.884440482
86,1,9,-1.51139987,-2.49906301,-1.5804044,0.60691309,-1.63242483,1.93510568,-3.13606501,-0.489871472,0.680155814,2.01504993
87,1,3,-2.03428578,-1.52717221,-0.158392251,2.42625737,-3.24675918,0.627779663,-4.46282053,0.624811709,0.41987589,0.917825341
88,1,8,-0.10910169,-1.73155105,0.733335197,-0.276196659,-1.0995481,-1.7885437,-1.46402347,-1.88381124,3.18762946,-1.19308269
89,1,3,-1.90978158,-1.43231726,0.331342429,2.35912657,-3.70903397,0.439326108,-5.04048204,1.94609654,0.0838911682,0.182775825
90,1,5,-1.12107015,-1.53418946,0.223558396,1.54777014,-4.24936533,1.75252306,-3.86552691,0.997248709,-0.383322716,0.150749907
91,1,3,-2.09129405,-0.232022956,0.247999281,1.45390618,-1.10586476,0.656953812,-2.28237343,-0.600585878,-0.293808997,-0.256974429
92,1,3,-2.40916204,-0.341918588,0.212565988,1.54467213,-0.856873095,-0.0787586123,-2.81611156,-1.04831254,0.724130094,-0.0366731882
93,1,8,2.36545491,-3.90106487,1.4716624,-2.41621542,-1.72070599,-4.34489536,-0.91171217,-3.59823632,5.19168186,-3.49844694
94,1,7,-1.03081906,-1.58382297,-1.15927625,0.565533638,-3.04495072,1.94051075,-3.97296953,2.95155621,-1.00296986,0.221085444
95,1,3,-1.92602694,-2.33899903,-0.544014871,1.99562883,-0.995928288,-0.919705927,-6.04789162,1.04212666,0.19728227,1.93038917
96,1,7,-0.548167825,-2.59577703,-0.901201367,0.254784405,-2.74188542,1.57475662,-3.5934124,2.30492926,0.132007912,0.615932822
97,1,3,-1.80355024,-0.279946417,0.0696407408,1.56854177,-1.3880825,0.7345559,-2.402915,-0.277624279,-0.349200487,0.0790624544
98,1,3,-2.09475565,-0.247881085,0.577483296,2.39490724,-3.46705198,1.0433197,-4.02050591,0.136965305,-0.21456489,-0.289382875
99,1,5,-1.39345765,-1.54926836,-0.769224048,1.1308018,-3.38195014,1.81103206,-4.00238609,1.80852044,-0.331368089,0.532576561
100,2,8,1.09546328,-2.31009531,0.545485795,-2.08649731,-1.56198382,-1.08270276,0.996449888,-3.47662854,3.4024272,-2.49764967
101,2,5,-1.46966481,-0.730548024,0.544629097,0.682516575,-0.771060586,0.746205866,-1.33410966,-0.308113992,-0.281178772,-0.36788705
102,2,7,-1.59590638,-1.14139211,0.832676232,2.01818252,-4.08774471,0.421092868,-5.25865364,2.75004125,-0.390828282,-0.230202958
103,2,3,-1.51670825,-1.40338826,0.571386397,1.74890351,-2.97444558,0.910265088,-3.33694935,1.09789205,-0.503915012,0.0436470881
104,2,8,-1.76026988,-1.02837062,-0.140463769,0.310387671,-0.267727762,-0.147906348,-1.89998507,-0.881034136,1.42487979,0.26589635
105,2,7,-1.30982995,-0.820890307,0.166586399,1.08711314,-2.16034842,0.897241652,-2.99853349,1.42141199,-0.714328051,0.0552097186
106,2,3,-3.64069176,1.21371901,0.248445868,2.74921775,-2.09953618,1.48132527,-3.69220591,-2.422158,-1.05956841,-0.456251264
107,2,5,-2.16245604,-0.841020107,-0.947499812,0.858092546,-1.05137706,1.68879437,-2.38311195,-1.27721059,0.430854321,0.924610615
108,2,3,-2.10148406,-1.20590699,-0.0873803124,1.74281502,-1.67930794,0.759740412,-3.62932587,0.114751883,0.000508822501,1.04916084
109,2,3,-2.60398817,-0.83938396,-0.111898594,1.68145597,-0.705701232,0.904208481,-2.637465,-1.08669031,-0.120754495,0.362927705
110,2,3,-2.24183059,-1.16716802,0.0390390679,1.26236641,-0.0640786141,-0.0652297065,-3.18023539,-0.36022678,0.0234344043,0.428287566
111,2,5,-1.77766895,-1.00284708,-0.474559993,1.22002327,-1.63883638,1.41129363,-2.50850224,-0.354195803,0.00381070375,0.801113963
112,2,8,0.162826389,-2.65963268,0.791932285,-1.00693083,-0.448089957,-1.3904171,-0.420341134,-2.24469161,2.32620907,-1.13270974
113,2,5,-2.25300431,-1.19133568,0.0114020156,1.11131179,-0.702456415,1.34144187,-1.70679426,-1.189412,-0.0717645586,0.149116263
114,2,3,-3.13078213,-0.848116159,-0.366463333,1.85179901,-0.456741065,0.677960813,-3.64635324,-0.957332969,-0.184668437,0.611983418
115,2,3,-1.82061851,-0.272016257,0.433613986,1.96122718,-2.48323989,1.17734563,-2.80055928,-0.351277888,-0.511041939,-0.226810038
116,2,3,-2.17456365,0.360493809,0.962767839,2.23612547,-4.18619442,2.18972588,-2.32734489,-2.69920278,-0.276807278,-1.40351868
117,2,3,-1.80275452,-1.35262835,0.281414568,2.12873101,-2.44941378,0.643493414,-3.83417583,0.83245486,-0.29764393,0.415755451
118,2,3,-2.18585372,-0.882806957,0.319247216,1.31773925,-0.520581245,0.123866916,-3.09810686,-0.138772383,-0.166382566,0.317878842
119,2,3,-2.71903157,-0.331504703,-0.712802112,2.52239037,-1.57509995,1.22379482,-2.64150953,-2.63837981,0.212848306,0.511823654
120,2,8,-1.37400019,-1.95991039,-1.03420401,-0.61984992,-0.0711500049,-0.259638488,-2.9205637,-0.208977357,1.58495224,1.06349289
121,2,8,-1.7120589,-1.6972661,0.65068841,0.6723665,-0.988493264,-0.432837069,-2.02513027,-0.983864248,1.94030869,0.170894116
122,2,3,-2.06687856,-0.343397051,0.0611647852,1.79391062,-1.79055572,1.24989069,-2.37915349,-0.765247703,-0.317899793,-0.0901531652
123,2,3,-2.59712696,-0.861410439,-0.232197464,1.62391782,-0.884540439,0.273686886,-2.76965451,-1.8707633,1.46670818,0.462296188
124,2,5,-1.79924929,-2.70791149,-1.10728717,0.902120352,-2.04841948,1.9117111,-3.65113997,-0.0847831517,0.501408696,1.89963865
125,2,3,-1.31157374,-1.48996902,0.126285911,2.13337874,-1.53838515,-1.11613631,-4.02622843,-1.05586171,1.6310277,0.460902125
126,2,8,1.98651958,-3.44782352,0.90652281,-1.87008584,-1.8734386,-2.96016431,-0.232447565,-3.81950259,4.72386599,-2.95040298
127,2,3,-2.68730497,0.583267152,1.01160979,2.65920901,-3.9724617,2.02773809,-1.5824939,-4.57367373,-0.694473743,-1.75601852
128,2,3,-1.91910505,-0.770700991,0.653493643,0.976433396,-0.963984728,0.68309164,-1.63927269,-0.412207961,-0.305910259,-0.485187262
129,2,3,-2.43764758,-0.669437468,-0.107935108,1.64938784,-0.948289096,0.97235781,-2.35203862,-1.25931776,0.043365892,0.30106464
130,2,3,-2.13050818,-0.170705885,0.178820819,1.70888019,-1.43454051,0.838481188,-2.51241112,-0.981424391,-0.153665081,0.288302749
131,2,7,-1.54884875,-0.807297111,0.787361622,1.88476157,-2.44513249,-0.242030993,-4.236938,1.92339814,-0.295034945,-0.0432289205
132,2,8,1.68540418,-2.96040344,0.896138966,-2.26100278,-1.44829798,-2.63646173,-0.512927175,-2.82127333,4.37220097,-2.33514786
133,2,5,-2.20376992,0.299589157,0.391697049,1.24954283,-1.17236423,1.59814501,-0.856205761,-2.82355165,-1.52170575,-1.18524671
134,2,3,-3.09459448,-0.396164477,-0.34312585,1.81184423,-0.764155746,0.691985428,-3.24382114,-1.2093569,0.059678603,0.419322222
135,2,3,-2.30251265,0.195170149,1.00200188,2.5199852,-3.5286715,1.27398419,-2.48583293,-2.29045749,0.230231464,-1.40639353
136,2,7,-1.14591503,-2.89592266,-2.35899043,0.517214656,-4.77091503,3.56185412,-5.21655607,3.99206161,-1.12728369,0.299337476
137,2,3,-1.55514014,-1.52753305,0.172736645,1.96945763,-2.93692374,0.836416721,-3.62895966,0.692256212,0.0185436867,0.545006514
138,2,5,-1.39955151,-1.68441343,-1.24294055,0.69299078,-2.21476293,1.86173332,-3.48691988,1.10889184,-0.236385524,1.15294445
139,2,8,2.51293349,-4.25586891,0.427550972,-3.07657862,-1.8388164,-2.57529593,-1.63312733,-1.73357248,5.09259462,-1.83198225
140,2,3,-2.40630198,-0.719216526,0.0518468618,1.55486786,-0.681777775,0.426604033,-2.86105156,-0.790125549,0.0902623385,0.128248066
141,2,3,-2.28890991,-0.675292671,0.834699094,1.030985,-0.885322273,0.449260771,-1.97919714,-0.507076621,0.07996732,-0.682672083
142,2,3,-2.73011589,0.389226556,1.19926715,2.87925553,-4.83073521,2.21618462,-2.88855195,-3.16407156,-0.0611130148,-1.67880869
143,2,3,-1.80127561,-0.341067493,-0.176326841,0.952933073,-0.696373999,0.926306605,-1.70495164,-0.564516485,-0.358495355,0.27160868
144,2,7,-1.81785798,-1.81526303,0.329373956,2.33536768,-3.55009055,0.146383971,-6.1441555,3.00324059,-0.35515976,0.300808042
145,2,5,-0.797953606,-2.20838714,-1.04550111,0.772848845,-2.55299568,2.22518158,-2.53805804,0.417577118,-0.186618894,0.747317553
146,2,8,2.29218221,-3.96299601,0.586541235,-3.11689544,-1.15909481,-2.61325479,-0.298500031,-2.90269113,4.48302698,-2.21267271
147,2,3,-2.7415452,0.259619385,0.194122732,1.90376711,-1.90335083,1.67476749,-1.54349995,-3.19754767,-0.37666887,-0.57452637
148,2,3,-2.16330361,-1.61677754,-0.0245649479,3.1218102,-4.10399914,1.23963678,-5.6682663,1.02807128,-0.245733649,0.55088371
149,2,8,-2.60026908,-0.902204454,0.234289706,0.610722065,-0.172666803,0.438967347,-1.58169055,-1.46391666,0.780401707,-0.160509333
150,3,5,-1.48019278,-1.26288378,-0.902911127,0.318838388,-1.64008284,1.96869385,-2.11541247,0.253998488,-0.158656299,0.803803146
151,3,3,-1.75789344,-1.70546544,0.159037828,2.47291017,-3.65570307,1.0351361,-4.58521605,0.970207989,-0.0779758021,0.531832993
152,3,3,-2.36175394,0.0111461245,0.468931168,1.7436173,-2.22248602,1.3564415,-1.91123796,-2.04635835,0.29212755,-0.461158723
153,3,8,1.2266866,-2.34003139,1.08514285,-1.28718472,-2.40993714,-1.22967839,0.688093364,-3.97225666,2.9856286,-2.91530848
154,3,3,-1.89941573,0.0408420973,0.238536924,1.27625799,-1.21748519,0.79110688,-1.81054938,-1.00017262,-0.0934300125,-0.0776803493
155,3,3,-2.20621276,-0.295341134,0.308882207,1.32130599,-1.10074568,0.584632099,-2.4577446,-0.618920445,-0.00821277499,0.170060173
156,3,3,-1.77256405,-0.925290465,0.189632773,0.633508444,-0.179545805,0.615145385,-1.62382555,-0.472239494,-0.234186977,-0.00358776236
157,3,7,-3.53247213,-2.23664618,-3.55602646,1.54950988,-2.67300129,3.20256519,-6.82748699,3.58196568,-1.75070667,1.25146866
158,3,8,2.28239775,-4.37408447,0.508644104,-3.36559081,-0.970794559,-2.42519474,0.0110901017,-3.25187325,4.42140722,-2.06820917
159,3,8,2.58165574,-4.29174662,0.424388021,-3.47906446,-1.49136615,-2.50332379,-1.04156303,-2.13283324,5.03890753,-2.00299859
160,3,2,-1.65513659,-1.06170309,0.251258582,0.209156096,0.0134142525,0.141333848,-1.69341469,-0.275746703,0.246614575,0.240165308
161,3,3,-2.27438641,0.544771016,1.01269031,2.30069256,-3.37320113,1.48504901,-1.64940202,-3.48944354,-0.48780182,-1.49088168
162,3,8,-1.23037374,-1.28178,0.265650451,0.47636804,-0.893296778,-0.798540115,-1.87668729,-1.51594341,2.31484723,-0.231979027
163,3,3,-1.87709057,-0.0922723264,0.426790208,2.35484886,-2.34353709,0.282148242,-2.83704448,-1.43793178,0.558341146,-0.282612383
164,3,3,-1.67583942,-0.704996884,-0.0121915601,1.23900926,-1.18370318,0.684640288,-2.48881197,0.345299125,-0.277450055,0.145978004
165,3,3,-2.22334242,-0.759953976,0.262245804,1.14241517,-0.812506855,0.683870912,-2.40533137,-0.318257034,-0.268635929,0.230534628
166,3,3,-1.82019436,-1.64027154,-0.171109259,1.80469286,-2.96785164,1.38690305,-3.6435554,0.600071847,-0.0947474241,0.733620942
167,3,3,-1.96090972,-0.801937222,0.0973734781,1.15928781,-0.663028896,0.762768984,-2.1651988,-0.477426648,-0.362134546,0.219840571
168,3,8,0.0178349018,-2.14682436,0.257813841,-0.940842628,-0.944545627,-1.25523257,0.0264599435,-3.16938114,3.61566901,-1.63340926
169,3,3,-1.76770842,-0.819043875,0.389232725,0.621059299,-0.424494684,0.0786330923,-1.95732701,-0.0859525651,0.133464456,0.0955472663
170,3,8,-0.60755527,-1.83327115,0.265979081,1.14877808,-1.23395205,-2.07279897,-3.87628937,-0.736438811,2.30421257,0.246449813
171,3,3,-1.65333569,-1.11581838,0.0236118995,1.20576978,-1.1273222,0.59721452,-2.73510933,0.134058401,0.106141552,0.561384976
172,3,8,2.28657794,-4.08371162,0.641383052,-2.68322921,-1.54637885,-2.44757009,-1.2339555,-2.00490642,4.47362614,-1.97416306
173,3,9,-1.05126953,-2.35528135,-1.76395059,-0.80105257,-0.332280517,1.00140071,-2.84506488,-0.182924598,1.26864588,1.41062665
174,3,3,-1.93562925,-0.919888794,0.110278361,1.25096393,-1.16772366,0.965681612,-2.12526059,-0.415273428,-0.187984198,0.314871222
175,3,3,-2.71211696,-0.490623653,0.15918985,1.41878629,-0.679560781,0.220834896,-3.21771812,-0.453988552,0.0471293516,0.410458475
176,3,5,-1.95183134,-0.882656813,0.087810494,0.352291912,-0.125096753,0.686869621,-1.59767771,-0.74383688,-0.133149162,0.148254886
177,3,8,2.09260035,-3.6547761,0.536382437,-3.46082449,-0.912180841,-2.81948137,0.702205002,-3.89569283,4.87496805,-2.96855021
178,3,8,2.29250669,-4.78748083,1.09705675,-2.57614207,-1.10719085,-3.76500297,-0.421491027,-3.87544107,4.61024714,-2.94685292
179,3,3,-2.69762707,-0.596246421,-0.0483247787,1.43649566,-0.50447464,0.472881556,-3.08628368,-0.591137767,-0.173359677,0.477125287
180,3,7,-1.60305321,-1.38198531,-0.190028667,1.61810398,-3.73596883,1.44818997,-4.67394352,2.42336178,-0.710692585,0.125246942
181,3,3,-1.73047256,-0.812264025,0.0955752358,2.41709089,-2.08594942,-0.525571406,-4.34685612,-0.0987580568,0.840281904,0.348575294
182,3,7,-3.47448587,-1.76369405,-3.07391381,1.71520996,-2.89280462,2.86197162,-6.54497433,3.68100834,-1.70027816,0.783413708
183,3,8,0.352601945,-2.59876513,-0.166076183,-1.53031647,-0.767524183,-1.11440468,-1.46337354,-1.38925874,3.48218989,-0.299730122
184,3,3,-1.72946966,-0.697135985,0.038805604,0.992158532,-0.897539318,0.731004596,-2.08570313,-0.118244775,-0.190079749,0.348412901
185,3,5,-1.91317701,-0.900929511,-0.833314538,0.750223637,-1.21864605,1.39207566,-2.50362802,-1.11841071,0.675377607,0.992592394
186,3,5,-1.56655836,-0.566698194,0.0699628145,0.544628382,-0.754087389,0.936752439,-1.47497022,0.000600247644,-0.369608343,-0.0316273794
187,3,7,-1.7590909,-1.733922,-1.05814266,1.47037792,-2.83309603,1.45659339,-5.05719519,2.71002126,-0.98171109,0.797089398
188,3,3,-1.95632446,-0.117881514,0.234012306,1.58637393,-1.44360399,0.629349053,-2.09211135,-1.44864798,0.428506851,0.0190408882
189,3,7,-1.84419906,-1.32383764,-0.410402387,1.4851917,-2.95596075,1.32762694,-4.60275698,2.53610849,-0.761283815,0.173484236
190,3,3,-2.19710827,-0.331163377,0.614975631,2.20978522,-3.32032824,1.64981413,-3.17955232,-0.698122978,-0.354201049,-0.291622311
191,3,5,-1.35694265,-2.59873414,-0.970508039,0.588311553,-2.91238451,2.38282561,-2.68595982,-0.874336004,1.39078474,1.26512396
192,3,7,-1.67233455,-1.66137767,-1.00173008,1.34225237,-3.39894533,1.8296566,-5.11170435,3.07542777,-1.12493503,0.451763779
193,3,8,2.18170452,-3.78216791,0.30739522,-3.27433014,-1.06935644,-2.61774731,-0.430914134,-2.83022881,5.1490016,-2.57332015
194,3,5,-1.56069958,-0.789504468,0.0367635377,0.739758015,-0.803958714,0.879108608,-1.73698008,-0.0297002885,-0.329114556,0.245571911
195,3,5,-1.14477503,-1.11604786,-0.58281076,0.403014034,-2.05814219,1.88331544,-1.75101364,0.395573825,-0.343322605,0.347153157
196,3,8,0.45143643,-1.93997252,0.591535866,-0.825356603,-1.36147761,-1.17017329,-0.753086209,-2.03089905,2.98884106,-1.16471171
197,3,8,1.06940925,-2.53681135,0.548165083,-2.07662487,-0.785043716,-2.18314791,0.0251496304,-2.66440535,3.86322713,-2.08611345
198,3,3,-2.57775283,0.948954761,1.43674564,1.46057594,-1.8913703,1.34007037,-0.533253849,-3.8968761,-2.3942399,-3.06662488
199,3,3,-1.68804145,-0.846589446,0.146725923,1.73469102,-2.19639444,0.229319051,-3.91158628,1.40307581,0.00408606604,0.172590584
200,3,7,-1.40749252,-1.64575112,-0.403219253,1.14250839,-3.16405654,1.47098207,-3.85169721,1.67952061,-0.108319104,0.51436007
201,4,3,-3.16890883,-0.615616024,-0.455984771,1.56344056,-0.884348869,1.07970309,-2.486444,-2.1397047,0.91439122,0.425694495
202,4,5,-2.89134431,-1.61499059,0.774518073,0.917440057,-0.292559534,1.23661423,-2.06963849,-1.19868541,-0.425671786,-1.01033342
203,4,3,-3.21379542,-1.77215195,-0.159052849,2.37197995,-0.667474926,0.221863851,-4.82762861,-0.755228519,0.211399674,0.934940338
204,4,7,-1.41294968,-1.96572077,0.112030126,1.60296118,-4.03990555,1.88827467,-4.41027546,2.27465081,-0.790002346,-0.2493729
205,4,3,-2.86201787,-1.16242504,0.530213952,3.51699805,-4.35722923,1.83280158,-5.01835346,-0.650868356,-0.148986012,0.0798335895
206,4,3,-2.61595058,-1.49679744,0.0968423858,0.63101685,0.211875096,0.364577711,-2.3856976,-0.852409005,0.0950241089,0.180642948
207,4,3,-3.12546086,-1.55773664,0.338630557,1.36263978,-0.445168227,1.23223722,-2.67325044,-1.36041737,0.021300327,-0.122658364
208,4,3,-2.33481002,-2.739326,-0.0408427343,3.39961219,-5.40040493,2.24477458,-6.20650244,1.30459809,-0.496775061,0.653502524
209,4,3,-3.36615038,-0.871159732,-0.0134149045,2.766397,-1.98312211,1.39519572,-3.23765731,-2.26968408,0.791155815,-0.224344477
210,4,7,-1.27004051,-1.58694136,0.0871993676,1.516886,-2.55311871,0.806374669,-3.9267509,1.76479554,-0.643944561,0.441532612
211,4,3,-1.98707628,-1.034024,0.215411156,2.13096046,-2.2029202,0.465121567,-4.10313368,1.17812836,-0.442148507,0.320234776
212,4,3,-3.59651303,-1.66642058,-0.0696988329,1.51439905,-0.371628225,1.19556212,-3.27087355,-1.6172235,0.248993009,0.482835889
213,4,8,-0.741936326,-3.18911052,-0.476178318,-0.197679535,-1.13456416,0.0902070999,-2.94468045,-0.739834905,2.40987039,1.04654014
214,4,5,-2.45273805,-1.23077476,-0.16117695,0.781297803,-0.309843153,1.13912547,-1.7392031,-1.34542966,0.330697626,0.19670938
215,4,3,-1.3517158,-2.64262271,-0.130854398,1.67192614,-2.43960571,0.841903567,-4.70066261,1.44129384,-0.356767714,1.23189306
216,4,7,-1.55352592,-1.75717711,0.282401502,1.69054186,-3.58285451,1.42505765,-4.51322699,2.34112549,-0.747527182,-0.177792221
217,4,5,-2.62987089,-1.2451905,0.287334859,0.835291624,0.0349767953,0.856739342,-2.17866015,-0.89389962,-0.374034345,-0.320506901
218,4,3,-3.01149201,-1.39396,-0.0619327724,1.28730726,-0.434494019,1.15091181,-2.95329189,-0.861765027,-0.18530564,0.220061481
219,4,5,-2.07944083,-2.19052625,-0.12815401,1.45502484,-2.9643333,2.08673906,-3.30545807,0.0986236408,0.051603768,0.791868389
220,4,9,-2.06061125,-2.18700171,-1.42070651,-0.43127203,0.418432325,0.0455908142,-3.35372114,-0.658870399,1.51876283,1.57504356
221,4,8,1.91802669,-4.57426596,1.57615483,-1.95859814,-1.41082883,-3.87559581,-0.428755164,-4.08102417,4.32517958,-2.99163413
222,4,5,-1.01822448,-3.19851613,-0.975923955,1.06077123,-4.29366779,2.68993974,-4.87701511,2.42831516,-0.526131511,0.779860497
223,4,5,-2.72417259,-1.33901608,-0.0275601707,1.16693747,-0.590272427,1.20046055,-2.47697139,-0.89210099,-0.0133136436,0.169576839
224,4,3,-2.88418102,-1.78386176,-0.505182564,2.27821732,-2.1346159,1.40686607,-3.62282228,-3.10865498,1.98680687,0.844284058
225,4,8,-0.182671726,-1.94823599,-0.80296272,-2.07440424,-0.40859288,-1.42879224,-1.14957905,-2.35003591,4.34574556,-0.86296016
226,4,5,-3.26677752,-1.83608413,0.0382658839,1.07229626,-0.416798651,1.30625582,-2.92168379,-1.23777378,0.290110856,0.467312783
227,4,8,0.854684889,-2.65784788,0.027929198,-2.04449105,-0.513411462,-1.68816149,-0.125042692,-2.63152194,3.87213945,-1.58732605
228,4,3,-2.4380827,-1.63084817,0.0579266511,2.74194169,-2.69671369,0.211910844,-6.05232906,1.89098775,-0.268404245,0.81225276
229,4,9,-2.82286286,-2.76729417,-1.06463659,1.7807039,-1.10063195,1.46389878,-4.75428772,-0.819029212,0.509103656,2.22172046
230,4,9,-2.07645774,-1.98903632,-1.10728395,0.609609604,-0.97297585,1.57719016,-3.63367176,0.283241034,0.135155588,1.72106421
231,4,7,-1.71833324,-2.2217977,-0.860952556,1.49668527,-3.23824573,1.95242012,-4.87075377,2.32182336,-0.767554104,0.731626391
232,4,3,-3.76793599,-1.91132879,-0.500373065,1.84434724,-0.388383806,1.62782371,-3.38862848,-2.09192705,0.0521715619,0.713947713
233,4,3,-3.02961922,-1.45789886,-0.520662069,2.20838571,-0.742882788,0.466253579,-3.83969212,-1.98131049,1.06033242,0.950616717
234,4,5,-1.08729923,-2.30375218,-0.454266489,0.688867092,-3.18052745,2.57083416,-3.16663074,1.53846741,-0.694376886,-0.0161785185
235,4,3,-4.40016985,-1.76748228,-0.0197129473,1.79200792,-0.0917707682,1.15506887,-3.8566699,-2.24681211,0.485240042,0.19389458
236,4,3,-3.24385428,1.01936591,1.28897703,2.79316211,-3.27500796,1.8280189,-1.64028716,-4.35523939,-1.77778196,-2.4998908
237,4,8,-0.870153844,-3.36050296,-0.893699169,-0.451362103,-0.701613724,-0.0491814166,-3.67758894,-0.0573868006,2.30039001,1.25576067
238,4,3,-3.04281998,-1.11347723,-0.00822519884,1.38594794,-0.609531164,1.31766951,-2.37538123,-1.77636218,0.344596148,0.28317672
239,4,2,-1.72423041,-1.12597835,1.3975352,0.915284276,-1.0467453,0.410737038,-2.38953137,0.553064823,-0.59426105,-1.33876681
240,4,9,-2.7509203,-3.22910786,-1.7278322,1.21985722,-0.435228825,1.1368711,-5.09126616,-0.788002968,0.658234835,3.07537293
241,4,3,-2.48809361,-1.18526554,0.391794622,2.22155333,-2.06023717,1.58213329,-3.10684013,-0.773861468,-0.514802217,-0.0244323593
242,4,5,-2.49855995,-0.783629358,-0.469743043,0.897716045,-0.320773184,1.12076128,-2.3743763,-0.799633563,-0.305648863,0.63152647
243,4,8,-1.31914437,-1.63941407,0.585129559,2.18565726,-2.22140741,-1.88049698,-5.04979277,-0.205555901,2.29651356,0.0339005627
244,4,3,-2.57062531,-2.50770307,-0.166165829,2.8241508,-3.65130043,1.50308704,-5.43056011,0.720352232,0.00699697435,1.09511602
245,4,3,-2.67013216,-2.48466969,-0.316297054,3.47804761,-4.86748457,1.85933352,-6.22147465,1.30915105,-0.336507857,0.910752833
246,4,3,-2.01497722,-1.48085093,0.149676055,1.64567733,-1.53866005,1.37006426,-1.46078503,-1.94562495,0.166301474,-0.066937089
247,4,5,-3.5089941,-1.31595075,-0.892465055,1.96465611,-0.939578831,1.97975552,-3.39129138,-1.62088597,-0.0795613825,0.972643197
248,4,3,-2.5940392,-0.931980848,0.0169595871,1.57925999,-0.709603608,1.06992805,-2.80542469,-0.747078717,-0.425094694,0.135216936
249,4,3,-3.24186516,-1.71283019,-0.0850870311,1.35226417,0.282826841,0.0756378323,-4.00574589,-0.873625576,0.488550246,0.613718033
250,4,7,-1.41099989,-1.47645104,-0.0512163267,1.2280072,-1.80530357,0.778599024,-3.5290997,1.38217056,-0.511838138,0.63641268
251,5,7,-2.04784751,-1.82338762,-1.01029229,1.78704906,-3.6901803,1.93194664,-5.67620802,3.0685854,-1.02638996,0.459164172
252,5,5,-2.31007814,-0.499213874,0.00239682011,1.090325,-0.774240315,1.1006211,-2.18811536,-0.675039828,-0.491317034,0.158851832
253,5,3,-2.51371908,0.86784476,1.79781306,2.68566346,-5.57281446,2.20313382,-2.86131692,-3.49609423,-0.222045779,-2.38060808
254,5,8,-0.716462791,-1.71547937,0.015570648,-0.665069699,-1.02363276,-0.0072170943,0.338853359,-3.04326081,3.01417089,-1.19367564
255,5,5,-1.85429215,-0.6880458,-0.288881212,0.505396605,-0.390372217,1.20631635,-1.59390402,-0.477134824,-0.738018811,0.260200948
256,5,3,-2.86240387,-0.83185637,0.393221587,1.2358948,-0.243529692,0.65571934,-2.87857437,-0.674261391,-0.555238962,-0.220188215
257,5,3,-1.90019834,-1.45937431,-0.375413269,1.91118383,-2.69534087,1.26811194,-4.18395281,1.07161272,-0.350937694,0.624304175
258,5,8,-2.32678723,-1.29395676,-0.561036348,0.48967585,0.157824457,-0.41487056,-3.06031442,-0.470356882,0.994361758,0.72440201
259,5,3,-2.38483834,-0.606694162,0.778624177,1.7956723,-1.37010527,0.915435851,-2.71081066,-0.50534451,-0.588300824,-0.576290965
260,5,5,-2.06794858,-0.559687614,0.0511109419,0.748321056,-0.507408142,0.787400901,-1.98592603,-0.347543359,-0.471838146,0.126311734
261,5,5,-1.74768984,-1.0879997,-0.199447811,1.14362133,-1.27626324,1.23253644,-2.24357677,-0.0857271552,-0.158496007,0.285924792
262,5,3,-3.11513805,-0.52743119,0.273891091,1.5572921,-0.909965515,0.152597308,-4.5947957,-0.0471612811,-0.310100883,1.25652456
263,5,3,-1.88177323,-1.37882864,-0.5198645,1.46544647,-1.87590623,1.38780701,-2.87174511,-0.133988261,-0.124109805,1.00043964
264,5,5,-2.44768167,-2.32620692,-1.01404727,1.61202312,-2.39982486,1.91784716,-3.63806987,-0.435371011,0.503794372,1.77082539
265,5,3,-2.05297279,-2.3335948,-0.26009798,2.92183614,-4.78942966,1.96729648,-5.26333904,0.983923197,-0.200607538,0.630636096
266,5,8,-0.506958961,-1.99155724,-0.0165581182,-0.197012827,-0.753509462,-0.950154662,-0.995984375,-2.48495078,3.13583612,-0.734125495
267,5,5,-1.80334687,-2.8129611,-0.891765833,1.32933354,-3.02810287,2.56352782,-3.22773361,-1.10036016,1.06956267,1.32513583
268,5,3,-2.40737343,-1.22325563,0.137171865,1.2512635,-0.239628062,0.00726813823,-4.22099829,0.136007488,-0.948757768,1.11393285
269,5,3,-2.09631062,0.379178345,0.693977833,1.71749485,-2.89823747,1.61671019,-2.05873775,-1.93245554,-0.168812439,-0.832908571
270,5,7,-1.10393023,-2.14303923,-0.149038017,0.699587464,-4.52064419,2.18543243,-4.51746798,3.27008414,-0.501762748,-0.284823567
271,5,7,-2.03190041,-2.23018718,-0.95319432,1.69619906,-3.85338879,1.65917635,-5.77355671,3.49526811,-0.740294516,0.392228395
272,5,5,-2.43285799,-0.657223523,0.481291264,0.511003375,-0.121017165,0.858398497,-1.65698028,-0.725282192,-0.869763315,-0.882923365
273,5,3,-3.38265824,-0.995997071,0.438511938,1.82357156,-0.842171609,0.0795333162,-4.5956707,0.2375554,-0.223266333,0.600102186
274,5,8,0.515401125,-2.44060469,0.256952971,-1.66030765,-0.806795776,-1.3525486,-0.603084147,-2.01293612,3.59774995,-1.32715333
275,5,3,-2.28303528,-0.377180398,-0.180991322,1.10196483,-0.620742857,0.903709352,-2.42931652,-0.483558446,-0.422338247,0.358879775
276,5,8,-1.68764424,-0.958472371,0.0520180762,0.843162775,-2.67298317,1.72941351,-1.82060301,-2.87282634,1.90702641,-0.246202916
277,5,3,-2.07571578,-0.342342854,-0.121428601,1.17081654,-0.969767749,1.12448776,-2.09149289,-0.537837148,-0.545973301,0.162514493
278,5,3,-2.08613634,-0.469922215,0.210095376,0.975249529,-0.448798716,0.953665197,-1.87585413,-0.547647178,-0.936181068,-0.526231349
279,5,3,-2.69796681,-0.415918648,-0.636044562,1.2301656,-0.606947064,0.761933088,-2.91809988,-1.06910872,0.332199961,0.981829166
280,5,9,-1.74455321,-2.36323404,-1.6646601,0.0654765815,-0.429503947,0.849385142,-3.7424109,-0.382304132,1.01645947,1.90105963
281,5,3,-1.99319994,0.534617364,0.899378121,1.99705291,-3.01071382,1.33938396,-1.69171584,-2.91489506,-0.444817811,-1.25531435
282,5,8,-1.04286504,-2.07006574,0.24227792,1.41231573,-3.24681664,0.208513692,-3.954427,0.28738451,1.75718951,0.473857194
283,5,3,-1.93189478,-1.31071925,-0.404605299,2.01365876,-2.19417477,0.779025972,-4.00611925,0.762899876,-0.113429107,0.751937032
284,5,3,-2.94895458,-0.317412943,-0.0858507678,1.42767453,-0.638822973,0.751722217,-3.26276565,-0.820048213,-0.393670082,0.608374596
285,5,3,-2.49953461,-0.340731978,-0.572974384,1.29968762,-0.936770618,1.03495276,-2.72133613,-0.632508516,-0.254507422,0.746571481
286,5,3,-2.17771506,-0.610034525,0.387675017,1.21121001,-0.468277961,0.732171834,-2.26148486,-0.481666058,-0.735972404,-0.420935422
287,5,3,-2.05478215,-1.15684831,0.195656568,2.03795791,-1.77743793,1.02262795,-2.69640732,-0.273345441,-0.401694477,-0.320240706
288,5,5,-2.08269191,-0.867398143,0.131510869,0.230268687,-0.413551331,1.22152305,-1.53735721,-0.444927126,-0.542566419,-0.0369724259
289,5,3,-2.17716599,-0.542713284,-0.0632077232,1.56278145,-1.01594901,0.848471761,-2.67152095,-0.577079296,-0.335811138,0.385451138
290,5,8,-0.0854470357,-2.10969019,-0.0240951143,-1.69663,-0.128566355,-0.880200267,-0.202779278,-2.1444509,3.2011826,-0.84860009
291,5,5,-1.62761438,0.076212801,0.150709838,0.856595993,-1.50342345,1.08175206,-1.28993046,-1.08180487,0.235868752,-0.289805204
292,5,5,-2.3088553,-0.503596723,-0.391549706,0.411138207,-0.0453343913,1.02172351,-2.16606808,-0.431312025,-1.02803481,0.364257812
293,5,3,-2.26862931,-1.61188555,-0.652584195,2.50363469,-3.92794538,1.62496102,-5.74932003,2.1893065,-0.508779764,0.306364447
294,5,3,-1.768134,-0.529467225,-0.115816124,0.732154846,-0.697823167,0.346213818,-2.15853572,-0.466756582,-0.143996745,0.64681375
295,5,5,-1.76771617,-0.788605332,-0.158481359,0.819547534,-0.615702689,1.04772723,-1.75682247,-0.342129141,-0.404699028,0.183576509
296,5,3,-1.82279849,-1.03846085,-0.0680901855,1.92720461,-2.00997591,0.829018116,-3.34627032,0.492404372,-0.391037256,0.411293983
297,5,3,-2.17333412,0.533275902,1.47584498,2.27261758,-4.04898357,1.73084164,-1.23905921,-4.28907919,-0.639138639,-2.16579819
298,5,3,-2.66779017,-0.723685026,-0.120456479,1.35733509,-0.930881441,0.848934591,-2.68758655,-0.933668733,0.175623894,0.393133909
299,5,3,-2.77133918,-0.236491099,1.46525502,3.53994465,-4.14133883,0.137730092,-3.63918138,-3.97151065,1.69912839,-1.88268447
300,5,3,-2.92715788,-0.433849156,-0.766369402,1.69219601,-0.902480304,0.950617015,-3.49124837,-1.07727575,-0.130181491,1.26602757
301,6,3,-2.85796428,-1.01461494,-0.461953789,1.35652006,-0.201429769,0.762441397,-3.02681661,-1.22676659,0.0525071807,0.555221021
302,6,3,-1.77979243,-1.02908552,0.0269188993,2.22089505,-2.67072129,0.900159538,-3.73667645,0.807922065,-0.38273266,0.151551291
303,6,3,-2.3102057,-0.589868724,0.0457777493,2.24672246,-1.53640842,0.759533107,-3.2216723,-0.503901124,-0.273361117,0.0593004115
304,6,5,-2.49074793,-1.13423955,-0.146952301,0.902447462,-0.597643673,1.32543659,-1.94244909,-0.970873833,-0.205442935,0.128489986
305,6,5,-2.25436354,-1.06951499,-0.288071305,0.883486271,-0.681391954,1.38298142,-1.77363145,-0.941892147,-0.185506895,0.293928772
306,6,3,-2.12605,-1.00071514,-0.246522367,1.44143009,-0.963715732,1.15110648,-2.43617201,-0.604510486,-0.175272733,0.349452317
307,6,3,-2.618397,-0.850130796,-0.164785147,1.25762022,-0.628509879,1.2109319,-2.18073916,-1.1420716,-0.211556807,0.0355619639
308,6,9,-2.57765031,-1.36225164,-0.829678178,0.32275188,0.107495606,0.374673069,-2.96910453,-1.17332625,1.12984478,1.1864661
309,6,3,-2.35658646,0.265434235,1.23165715,3.45157385,-4.02714205,0.459345818,-4.03382826,-2.8902781,0.518283188,-1.10026681
310,6,7,-1.38447702,-1.53371787,-0.58940047,1.15455747,-2.22086644,1.23875868,-3.72827673,1.67892921,-0.669741511,0.749884725
311,6,5,-2.53814673,-1.19680417,-0.232306093,0.531413794,-0.338852257,1.45131803,-1.68538857,-1.16965711,-0.288292736,0.146315649
312,6,3,-2.0309937,-0.784588873,0.083463259,1.46305943,-0.868109107,1.0344069,-2.21921659,-0.646989644,-0.549127817,-0.0936830863
313,6,8,2.45266747,-4.07717609,1.32900238,-2.74092603,-1.60685706,-4.03130436,-0.0667300448,-4.0096755,5.05154514,-3.63960171
314,6,7,-1.63806772,-1.31405282,0.00272373296,1.357741,-3.26806569,1.37075782,-4.43909454,2.66298223,-0.923813641,-0.07577122
315,6,3,-1.91727662,-1.45161474,-0.145537198,1.65313745,-2.58117557,1.5447917,-3.15257525,0.033784084,0.0335084982,0.628556132
316,6,5,-2.53330135,-1.04221666,-0.335724682,0.967756152,-0.431952178,1.31898141,-2.24414206,-0.934977889,-0.240255207,0.369054139
317,6,3,-2.81851101,-0.65588516,-0.0299904943,1.77732265,-0.763335824,0.558096766,-2.95047331,-1.07220817,-0.112470113,0.211920306
318,6,3,-2.30589128,-1.30380046,0.164038956,1.00866199,-0.330816358,0.152914539,-2.63041782,-0.951381266,0.46860373,-0.11692024
319,6,3,-2.39000487,-0.755008698,0.420144588,2.61352348,-2.69765878,1.29648495,-3.37147236,-0.446160048,-0.289029002,-0.360727459
320,6,3,-2.26062751,-1.18978858,-0.010512732,1.64504421,-0.856128991,0.233086184,-3.139184,-0.904849887,0.836349905,0.451566845
321,6,8,-1.16269314,-1.78152418,-0.259069413,-0.407749802,-0.238616645,-0.456002414,-1.06570828,-2.21333575,2.89146829,-0.193782702
322,6,3,-1.86881602,-0.406598777,-0.0937593356,1.35431063,-1.16920614,1.15495968,-1.68625438,-1.14765906,-0.0913892537,0.0064480505
323,6,8,-0.934417665,-0.970765352,0.487993747,0.798306465,-0.275033295,-2.22658801,-2.39468932,-1.3153286,1.17979431,-0.625698149
324,6,8,1.00869572,-2.67572665,0.877124727,-1.15427172,-1.48339343,-1.85862398,-0.685061514,-2.40320754,3.53767538,-1.90997529
325,6,2,-1.24136865,-0.402163297,1.45852971,1.01912165,-3.93211603,1.19448435,0.128181577,-5.42020035,0.890036106,-3.05005336
326,6,3,-2.27726912,-0.942720354,-0.0875439197,1.50962472,-0.63049382,1.11155438,-2.3960526,-0.964343607,-0.432641476,0.222293094
327,6,3,-1.67576396,-0.81911844,0.184309542,2.17633629,-2.32067299,0.53394556,-3.46910334,0.777885079,-0.373806149,-0.0158585049
328,6,3,-2.31140924,-1.25526512,0.122841984,1.45747507,-0.286271185,-0.220344737,-3.35655689,-0.610098898,0.223284334,0.224374518
329,6,5,-2.04102564,-1.01397884,0.324492455,0.92967844,-0.750202835,1.15040517,-1.4797951,-0.788689733,-0.485996008,-0.531049609
330,6,3,-2.04307389,-0.671296656,-0.0107080974,1.26532662,-0.883941054,1.16573715,-1.7034868,-1.05525625,-0.272841781,-0.0580545291
331,6,3,-2.60785151,-0.238379955,0.108952671,2.16060448,-2.07261443,1.44209981,-2.22051692,-2.17558694,0.311174482,-0.424428314
332,6,5,-3.07518029,-0.538126051,-1.25679719,1.32335162,-0.31208539,1.50018752,-2.72880054,-1.74758995,-0.353769451,1.18749094
333,6,3,-2.49232388,-0.924215078,-0.678104937,1.15755808,-0.154948503,0.621236444,-2.70917773,-1.17150342,0.179185361,0.754369378
334,6,3,-2.84755802,-0.0542688631,0.524894118,2.92328286,-3.64719272,2.00313258,-1.55357754,-4.71222448,-0.0631302595,-1.55578804
335,6,8,2.30734658,-4.33248377,1.36239898,-2.45749831,-1.59618425,-3.21898699,0.18230392,-3.95224881,4.08552313,-3.25936127
336,6,3,-2.89038372,0.593615472,0.350965321,2.25726724,-2.15363812,1.76182365,-1.81281662,-3.61085224,-1.10698926,-0.971461654
337,6,7,-2.02467656,-2.75487256,-1.93991077,1.28449786,-4.35669088,2.7215519,-6.33802223,4.03069115,-1.07927775,0.778358519
338,6,3,-2.59644866,-0.717947721,0.723967731,3.03319645,-3.75603271,1.21824265,-4.4399519,0.116769657,-0.225059703,-0.407234609
339,6,6,-1.14479256,-1.54523218,0.291168094,-0.679385781,0.0270004831,1.08585942,1.20047772,-2.19386792,-1.0360502,-1.34837174
340,6,8,-0.592615187,-1.64485216,0.627515972,0.936564207,-0.796574593,-2.54780769,-2.60069823,-1.70650625,2.67539263,-1.08188033
341,6,3,-2.56054187,0.504019797,0.270428956,1.99268818,-2.00842381,1.6750623,-1.58761513,-3.11931968,-0.960845411,-0.812780797
342,6,3,-2.55817175,-0.727883041,0.202784896,3.42911601,-3.32228255,1.10154259,-4.58807659,-1.99412262,0.708041549,0.168509975
343,6,5,-2.81338048,-1.0508306,-0.136252552,0.671375871,-0.295761794,1.25503492,-1.90432549,-1.27692938,-0.335147619,-0.0620348528
344,6,3,-1.70629942,-0.514793694,0.741810024,2.06658435,-2.09865022,0.796157241,-2.91701341,0.0410034508,-0.72439307,-0.589789331
345,6,3,-2.18619728,-0.662574947,-0.211374104,1.29228663,-1.1281333,1.14154935,-1.87993515,-1.23106396,0.383694649,0.0862522647
346,6,8,1.87099457,-3.29253173,0.414815187,-3.55269814,-0.830567658,-2.16714358,0.275208354,-2.91043472,4.7810216,-2.35418773
347,6,3,-2.56864905,0.465145409,0.598411262,2.36688852,-3.39727044,1.87400866,-1.71393061,-4.39984751,-0.188226834,-1.3595823
348,6,5,-3.03784704,-1.1518836,-0.909433782,1.14098048,-0.500069678,1.16446877,-3.04322076,-1.39028001,0.705668211,1.14285576
349,6,3,-2.78583097,-1.03131056,-0.149332881,1.37228882,-0.539687634,1.28076327,-2.39495063,-1.47185838,-0.263705999,0.0828095749
350,6,3,-1.65286922,-0.867581904,0.135810375,1.9506259,-2.38842845,0.366849959,-4.22316837,1.74838638,-0.507647812,0.13143751
351,7,3,-2.32209015,-0.521595657,-0.0911929011,0.87045145,-0.605306506,-0.0466208607,-2.79460001,-0.284897357,0.539515853,0.673717856
352,7,3,-2.14312577,-0.0878231153,0.206523269,1.62689018,-2.02531815,0.895064354,-2.681216,-0.164668843,-0.0776978731,-0.0850633159
353,7,5,-1.78239977,-0.596216738,0.0554926433,0.349668771,-0.475366294,0.440845609,-1.53528464,-0.167992622,-0.124468043,0.24143739
354,7,9,-1.92324471,-1.70516753,-0.826181173,1.29209888,-1.36722088,1.23364937,-3.35515952,-0.47747609,0.330479652,1.6637789
355,7,3,-2.12364125,-0.12417265,0.410953432,2.36081886,-2.44398737,0.214629531,-2.91734767,-1.51203299,0.958885074,-0.372712404
356,7,3,-1.91963112,-1.19452572,-0.693116903,1.75271916,-2.1281147,0.788978398,-4.46617317,1.33910584,-0.329087168,0.998824418
357,7,8,0.555533886,-2.24917579,0.0331073366,-1.78995323,-0.753098607,-1.13190854,0.0778694004,-2.66833401,3.66457272,-1.44158316
358,7,3,-1.92894602,0.040862117,0.289560854,1.66492724,-2.08044267,0.8449229,-2.55513477,-0.415882647,-0.139773339,-0.0579553768
359,7,3,-1.98284841,-0.46509245,-0.0408864319,1.3159858,-1.40871763,1.18973792,-1.8244803,-0.830089867,-0.0142320506,0.055311285
360,7,3,-1.76590621,0.208806425,0.343056351,1.29930985,-1.77509284,0.882491112,-1.76705229,-0.804656684,-0.0928828418,-0.32049638
361,7,8,1.6963172,-3.16959858,0.666664302,-3.0712626,-0.75842309,-2.72734857,0.443166375,-3.25126529,4.42568302,-2.65619683
362,7,3,-2.09327888,-0.474435419,-0.216984689,1.40487826,-0.799731255,0.0244633481,-3.26209879,-0.063212648,-0.00692118332,0.801816881
363,7,3,-2.17745304,-0.350951135,-0.0694146678,2.56060219,-2.40150428,0.768301904,-3.54288268,-1.35574317,0.449826002,0.39146167
364,7,3,-1.58795118,-0.129395723,0.104893908,1.17909181,-1.45152068,0.665647686,-2.21872306,0.0327027887,-0.261321694,0.108683527
365,7,3,-1.73368323,0.0132050533,0.116988629,1.08193111,-1.3012085,0.463248491,-2.08791566,-0.00164296199,-0.113446057,0.00183566473
366,7,3,-1.99818003,0.219452754,0.240397215,1.50875044,-1.78521037,0.658170938,-2.415483,-0.576557636,-0.0113698691,-0.0831660479
367,7,3,-1.56214166,-0.615584373,-0.0636499301,0.881494522,-1.20877218,0.607303977,-2.01892853,0.255868137,-0.0335734934,0.401914626
368,7,3,-1.94713056,0.00750019308,0.349601418,1.55557621,-1.9772985,0.53008455,-2.83145261,-0.0888296142,-0.0877952799,0.150255978
369,7,3,-1.75326335,-0.0328767523,0.436256826,1.71122813,-2.6867516,1.29722631,-2.5327158,-0.700191796,-0.271339297,-0.200422913
370,7,3,-1.69542193,0.0312491022,-0.105554365,1.08728313,-1.17615008,0.852401853,-1.79141629,-0.396076292,-0.359346449,0.0695868209
371,7,9,-1.68973494,-2.15949535,-1.600196,0.292583734,-1.38909864,1.69363654,-3.70863557,0.520232558,0.573721349,1.83465898
372,7,3,-1.97754443,-0.553252637,0.854045928,3.28640175,-4.75269365,0.912291944,-5.1624856,-0.0974784344,0.103343666,-0.443275422
373,7,5,-1.6374619,-0.673501372,0.252968282,0.353031039,-0.447353423,0.439032793,-1.40642488,-0.0757975429,-0.132032931,0.225193873
374,7,3,-2.17639947,0.111102879,-0.453398198,1.17995548,-0.932041168,0.541123509,-2.61238289,-0.162862942,-0.335169941,0.433272094
375,7,3,-2.09874415,-0.0329587236,-0.299366802,1.35964763,-1.01677251,0.609506965,-2.59919882,-0.308542103,-0.27864781,0.390722185
376,7,7,-1.67939973,-1.31823611,-0.82970804,1.12138748,-2.26660228,0.988446832,-4.55229616,2.88486242,-0.873091757,0.441517264
377,7,3,-1.80371964,-0.138165504,0.166026294,0.558853745,-0.580719233,0.139016837,-2.22068334,0.514422596,-0.568674386,0.349152476
378,7,3,-1.88607109,0.119033046,0.381752193,1.71329427,-2.15850329,0.939230382,-2.43824244,-0.449337423,-0.309214681,-0.243408039
379,7,3,-1.90515399,0.543393135,-0.488144875,1.40308225,-1.32882261,0.204443932,-3.41982341,0.787387431,-0.843667924,0.308857054
380,7,3,-1.77396655,0.269744307,0.117739558,1.16011631,-1.3699894,0.650500834,-1.98282564,-0.480641514,-0.202331275,0.0257994365
381,7,3,-1.72921717,0.0922651961,1.3771379,3.05130172,-4.53064919,0.0259303469,-4.91746092,-0.0353315324,0.512943923,-1.04453981
382,7,5,-1.51933265,-2.19249678,-0.955642045,0.391974896,-2.6340344,2.04641819,-2.84673214,-0.307243437,1.20032203,1.46076131
383,7,3,-2.24119139,-0.376673281,-0.00976717472,2.70199108,-2.86457658,1.38566458,-3.41224432,-1.10193121,-0.133482724,0.0465543158
384,7,3,-1.95969808,-1.37910974,-0.0125330836,2.5477469,-2.69595122,-0.0872791857,-5.09242487,1.33199823,0.114911929,0.984668374
385,7,8,1.68897569,-3.93008661,1.68698215,-1.3228333,-1.47713184,-4.23879147,-1.51801813,-3.05402827,4.13231802,-2.64189315
386,7,7,-1.71265852,-1.05316687,-0.322959006,1.48925138,-2.54411769,0.958157122,-3.7883606,1.52416146,-0.417415589,0.508874178
387,7,3,-1.59667301,-0.806345761,-0.0647738352,1.38688707,-1.71468306,0.747224152,-2.50652766,0.225247532,-0.13655737,0.530725241
388,7,3,-1.61474717,-0.265179425,0.00069790706,0.98164773,-1.18961954,0.7186566,-1.88223732,-0.120300218,-0.0652736425,0.150533691
389,7,7,-1.67515922,-1.54203308,-0.711308122,1.35994995,-3.49339366,1.74460173,-4.74657011,2.5290072,-0.775529146,0.49615562
390,7,3,-2.31895995,0.717847168,1.13410962,1.93232346,-3.57946801,1.4526211,-1.97080541,-2.62243867,0.103932738,-1.54826748
391,7,3,-2.05961871,-1.8041662,-0.484219253,1.7634387,-2.89156938,1.49021387,-4.08674479,0.151869446,0.424601436,1.39221752
392,7,3,-2.39695406,0.809182346,1.50513256,2.32784367,-4.74837351,1.84351873,-2.48482609,-2.99997926,-0.0590176508,-1.97063994
393,7,3,-2.06576538,-0.0337179713,0.0647722483,0.7536304,-0.983169138,0.391237557,-1.88411534,-0.273055106,0.207155913,0.0436614677
394,7,3,-1.73933613,0.131858349,0.223667264,1.28387523,-1.40490055,0.585107386,-2.08455515,-0.431128651,-0.190139309,-0.00679838238
395,7,3,-1.68888962,-0.164398447,0.00998470094,1.07493103,-1.0642519,0.660774827,-2.07638693,-0.0916206315,-0.357944548,0.182579905
396,7,3,-1.6050818,-1.6823374,0.100740016,2.29126596,-4.14364433,1.46214628,-4.31063271,0.893946469,-0.133314043,0.306155801
397,7,8,2.9330554,-4.57707882,1.15682054,-3.38668966,-1.89113617,-3.24072099,-1.36600351,-2.28075075,5.17592192,-2.60249901
398,7,8,-2.01958656,-0.608146727,-0.0186089054,1.04765034,-0.745384812,-0.863265872,-3.29682112,-0.0958748385,1.19302833,0.5544101
399,7,3,-1.7184124,-0.343641847,0.0763657019,0.84922123,-1.13561034,0.406495452,-2.35125947,0.532654703,-0.462237477,0.505970657
400,7,7,-1.76315534,-1.50211537,-0.693779588,1.4391849,-3.12058234,1.46417499,-4.68151331,2.24166059,-0.591020882,0.699064732
401,7,3,-1.86919761,0.35534355,0.120831139,1.40543246,-1.6216054,0.668782175,-2.13557172,-0.826687217,0.0645273775,-0.14334327
402,7,9,-2.1385541,-2.22407866,-0.69867146,1.82847369,-1.18531346,-0.606491268,-6.12733555,1.40283716,0.256850511,1.9425956
403,8,8,-1.40203094,-1.16540718,0.0942739174,0.490885824,-0.687357903,-0.690693915,-1.30518734,-2.26941562,2.58834386,-0.711882591
404,8,7,-1.48061049,-1.20242083,0.0344647542,1.43851781,-3.08037591,1.17846811,-3.91323948,2.03450608,-0.454276234,-0.218522996
405,8,5,-2.41500378,-0.848037601,-0.586827934,1.30502355,-0.987566471,1.44444406,-2.06494093,-1.26310205,0.0222993307,0.439268649
406,8,7,-1.77861786,-1.59887719,0.401112795,2.0626595,-3.84622335,0.956998587,-4.78769302,2.11420822,-0.142081648,-0.0510122702
407,8,9,-1.51531935,-2.37879801,-1.6853689,-0.266651481,-0.970898807,1.31434739,-3.43532705,-0.780235589,1.5916853,1.59609401
408,8,8,0.714862585,-2.19676352,-1.20633852,-2.94988322,-0.601569831,-0.877628267,-1.22326541,-0.691862881,3.42596865,-0.561727583
409,8,3,-2.47775292,-0.144096658,-0.15817672,1.99078465,-1.1598196,0.616137147,-2.72093248,-1.20210862,-0.090694122,0.189375669
410,8,3,-2.02253056,-0.217779875,0.905739903,2.63330054,-4.45425367,1.86452162,-3.86149573,-0.961600363,-0.329766989,-0.649224937
411,8,3,-2.51526594,-0.589014471,0.131570622,1.29250717,-0.461018443,-0.62442863,-3.44156575,0.04722175,0.0702151954,0.420085996
412,8,3,-1.48310935,-0.383067012,0.178206265,0.836052179,-1.10093117,0.238019943,-1.44516313,-1.03793168,0.603993297,-0.0685847327
413,8,9,-2.02455592,-1.22299159,-0.641992688,0.748481154,-0.394777894,-0.0662370101,-3.20374966,-0.251704693,0.769785702,1.22699916
414,8,3,-2.67120528,0.55114001,1.69346869,2.84395242,-5.63933992,2.38706088,-2.82163882,-3.51418018,-0.0861433372,-2.20018959
415,8,3,-1.64198184,-0.326798797,-0.0408554077,0.63123095,-0.767474055,0.46653235,-1.59912491,-0.597510219,0.0252275579,0.223842636
416,8,7,-1.73330367,-1.56409323,-0.0122999325,1.86962795,-3.9199264,1.26206779,-5.04311514,2.57870626,-0.608546019,0.145830959
417,8,3,-2.57006907,-0.787652671,-0.134642333,1.32431972,-0.599907577,1.06108952,-2.19170523,-1.08497608,-0.295686632,0.0417952649
418,8,8,1.85920918,-4.23931456,0.623498082,-3.14420247,-0.445181996,-2.61205697,0.779889822,-3.58954549,3.84093261,-2.55611777
419,8,8,0.495606035,-2.25142217,0.437956065,-1.46915698,-0.743377507,-1.436607,-0.0382323489,-2.45380116,3.28698921,-1.64122617
420,8,7,-0.83002609,-1.99529529,-1.75970161,0.364501834,-2.37761998,1.99138987,-3.78405881,2.40790534,-0.552663803,0.540460646
421,8,8,-1.0298239,-2.94987392,-0.916755617,-0.795139551,-0.192560211,-0.246389642,-2.87360644,-0.595086277,2.46505618,1.09968555
422,8,5,-1.84171271,-0.6629107,1.05300844,2.29452467,-5.22417545,2.34697676,-3.95972109,-0.544152558,-0.336226881,-0.757888496
423,8,5,-2.26429534,-0.82774049,-0.00706953369,0.342098087,-0.235128671,0.757280231,-1.59392941,-0.870095849,-0.233543068,-0.0517133251
424,8,3,-1.48374367,-2.27311349,0.473292619,2.05177999,-4.57761478,0.929549396,-4.57775259,0.973371267,1.00326204,0.418500572
425,8,3,-1.99659431,-0.803204536,-0.0335212201,1.10002482,-0.781621933,0.893995225,-1.92358303,-0.610248983,-0.275081754,0.0983382314
426,8,3,-2.59410596,-0.101427838,-0.839754164,1.71517038,-1.03039455,1.19733334,-2.51114893,-2.0446732,0.0499725975,0.902284563
427,8,3,-2.6840806,-0.957944214,-0.0186893269,2.00113726,-2.20725369,1.48982811,-2.93991423,-1.47085154,0.559195697,0.520130754
428,8,3,-2.68570852,-0.445848465,-0.472724319,1.56308687,-0.861414731,1.06406569,-2.50077271,-1.37227416,-0.0302717164,0.406033039
429,8,3,-1.7158556,-1.33993936,-0.272770971,1.85987782,-2.73193669,0.816506147,-4.40592718,1.60137868,-0.292028576,0.565737009
430,8,3,-1.2857964,-0.748151481,0.0262685511,0.873245955,-1.04501724,0.661922276,-2.11991668,0.488598347,-0.351870596,0.300814658
431,8,3,-2.58141923,-0.429835707,-0.364563376,1.67207932,-1.02320802,1.04600406,-2.52462554,-1.23850513,0.00701969117,0.360028684
432,8,5,-1.77029991,-1.31079769,-0.347825348,1.06581628,-2.38438201,1.40328074,-3.23748493,0.972077429,-0.0600055903,0.61136961
433,8,3,-2.92875433,-0.603054702,-0.705774784,1.48377681,-0.575988948,0.583871543,-3.1842978,-1.37916875,0.577594757,1.08811629
434,8,3,-1.90298045,-0.756450653,-0.0875137523,1.86589634,-1.89534616,1.29843211,-2.4672215,-0.622781277,-0.267094702,0.1366065
435,8,8,1.93483114,-3.45678854,0.736602783,-1.91176856,-1.99587059,-2.48600101,-1.33190596,-2.48053241,4.43907595,-1.67326081
436,8,3,-1.57018518,-0.979810834,0.0175867844,1.69438612,-2.20221376,0.990796924,-2.69624686,0.403497189,-0.389376462,0.132526413
437,8,3,-1.96617937,-1.4717586,0.0656611323,2.40576816,-3.18956017,0.956206262,-4.17910576,0.937970579,-0.206615195,0.408859044
438,8,8,-2.2179904,-1.24777329,-0.080956921,1.41497576,-0.737772048,-0.710060239,-3.21593547,-1.52115476,2.02609539,0.610848486
439,8,3,-1.63998103,-1.37176931,-0.300684065,1.29932678,-1.87679887,0.762136042,-3.63580155,1.08314395,-0.133127406,0.898517609
440,8,8,1.5164516,-2.14804864,-0.896572888,-3.48135543,-1.12619638,-1.31877506,-0.265081316,-1.72617424,4.21513271,-1.34554207
441,8,3,-2.36272168,-0.780783832,0.0806499422,1.82704973,-1.57974744,1.11909997,-2.50323987,-0.729467273,-0.133745775,-0.043195717
442,8,3,-2.41934419,-0.69709152,0.0247087143,1.25669241,-0.606748283,0.67516923,-2.42301631,-0.765334547,-0.290139794,0.000463211909
443,8,8,0.266021162,-1.84649479,-0.892034888,-2.27985883,-0.680911124,-1.07755303,-1.2033422,-1.48440361,3.78956413,-0.59713012
444,8,3,-1.87390387,-0.665122509,0.525405407,0.543669105,-0.636346817,0.42500931,-1.24432957,-0.382611573,-0.285470009,-0.486392409
445,8,8,0.0190142021,-3.16235542,0.366394818,0.355896354,-1.1521883,-2.58094215,-4.15565205,-0.735231519,2.72352362,0.513498127
446,8,8,2.17889142,-3.42920327,0.202014059,-2.81981635,-1.7323761,-1.57449937,-0.249418616,-2.79346085,4.54943514,-1.99708974
447,8,3,-2.28821898,-0.373392522,-0.241846174,1.51877296,-0.994179189,0.768989742,-2.35425711,-0.928909779,0.0714919567,0.270490468
448,8,3,-2.09574986,-0.591523468,0.0124015966,1.26447999,-0.718657732,0.764090538,-2.11188173,-0.73667109,-0.18231377,0.084903881
449,8,5,-1.44727433,-1.47791779,-1.02648771,0.735085845,-2.72625327,2.14621806,-3.61065888,2.07996464,-0.796719193,0.323570728
450,8,8,2.52414346,-4.05775738,0.724808514,-2.86397362,-1.75812459,-2.28619218,-1.26131272,-1.54624057,4.12806892,-1.81457043
451,8,3,-2.30084467,-0.324056089,-0.185805321,1.19338405,-0.629588604,0.837675393,-2.07485271,-1.00968146,-0.344803929,0.105942696
452,8,9,-1.86155152,-2.4070406,-1.34366012,0.330001682,-1.15181756,1.6506362,-3.65176034,0.210654005,0.601444602,1.86376429
453,9,3,-2.41912889,-1.56649137,-0.0363555849,2.67968416,-3.45528126,0.944918692,-4.83959341,0.946985781,-0.0189400129,0.710190058
454,9,7,-2.09290957,-1.87173676,-0.978986442,1.84620821,-4.39865923,2.03228474,-6.30368423,3.48127627,-0.994362295,0.568334341
455,9,3,-2.72647238,-0.524758756,0.491543233,3.30105281,-3.60015559,0.410770953,-4.96208858,-0.0432565212,0.594523728,-0.358679771
456,9,9,-2.26776314,-1.88557374,-1.01739895,0.582414985,-0.714090526,1.03836203,-3.03101683,-0.513279855,0.656493783,2.12917733
457,9,8,0.232762635,-2.5325942,0.510690093,-0.500367284,-1.00013578,-1.46974552,-1.16478491,-2.0315187,2.91217422,-0.899395466
458,9,7,-2.06779099,-1.49802339,-0.235091686,2.2367599,-3.68683624,0.949395001,-5.64944363,2.51475668,-0.460548252,0.391360909
459,9,8,-1.69520235,-0.973207057,0.358080238,1.74144173,-1.74254775,-0.693335891,-3.18958354,-0.960020065,1.8536799,-0.127444848
460,9,8,0.950649261,-3.90572023,-0.609935284,-2.38595796,-0.986451149,-1.07000911,-2.54506326,-0.596194804,3.94594216,0.315653831
461,9,8,2.47691393,-4.05294561,0.87736851,-3.76616549,-0.949149668,-3.62810159,0.848757505,-4.33514547,5.25127077,-3.59668589
462,9,3,-2.41954947,0.158623397,-0.172915667,1.78380823,-1.63318205,0.813521385,-2.52254486,-1.48075366,0.300421715,0.228088185
463,9,3,-2.38975978,-0.369059861,0.108064093,0.925406456,-0.299769521,0.339574456,-2.34760785,-0.411247551,-0.508501768,-0.0375559591
464,9,3,-1.92929244,-0.5975914,0.0566819012,1.75559294,-1.52907085,0.497577608,-3.215873,0.558885396,-0.429926485,0.222902521
465,9,5,-1.46815944,-2.44504166,0.0251166262,1.50998986,-4.04433775,1.74755144,-3.89220476,0.910947442,0.269654721,0.771521866
466,9,8,2.66076374,-4.66873503,1.03450251,-3.07573581,-1.29642868,-3.37260771,-0.427075565,-3.20171499,4.232934,-2.27423978
467,9,8,0.783631682,-2.49246025,0.242366046,-2.27559423,-0.417379618,-1.75788057,0.477086365,-2.83561826,3.75102162,-1.91796529
468,9,3,-2.27235508,-0.46383521,0.464057505,3.92555881,-3.2506938,-0.146329537,-5.69697046,-0.791484773,0.375089914,0.104559511
469,9,3,-2.31196117,-0.352119833,0.422761351,1.42963707,-0.637415349,0.281024098,-2.73622203,-0.217471689,-0.59756422,-0.227678463
470,9,7,-1.61792278,-1.51073742,-1.0299288,1.18929231,-2.87911153,1.62270558,-4.46356249,2.73183084,-0.906081498,0.246184573
471,9,9,-2.25836539,-1.32476664,-0.921322823,-0.192627922,0.382670492,-0.10923022,-2.76375747,-0.359517127,1.01303649,1.07987726
472,9,3,-3.27586699,-0.830291867,0.0785841495,1.49947917,-0.2391399,0.523518026,-3.33951712,-0.729617417,-0.424208283,-0.0785940662
473,9,3,-2.17194462,-0.0417029671,0.0585869886,1.35553026,-1.63178062,1.16165793,-1.86833179,-1.15494144,-0.00876045227,-0.017184753
474,9,3,-2.73072958,0.328506291,0.995021462,2.40418577,-3.79075408,1.88480306,-2.47140956,-2.65842795,0.0908963233,-1.34908557
475,9,3,-2.67273998,-1.21240556,0.011672575,3.54826546,-3.27602506,0.206994236,-5.01903057,-0.87085098,1.23640299,0.428192377
476,9,5,-2.5342505,-1.49124706,-0.112095304,1.02570152,-1.40426683,1.0794282,-2.06910467,-1.14918363,1.06874347,0.611520886
477,9,3,-2.97069073,0.114276864,0.521283984,1.49128604,-0.589503348,-0.290057123,-3.45363998,-0.507878602,-0.0411620066,-0.15700753
478,9,3,-3.32285213,-1.32293475,-0.0596781522,2.46463799,-1.90478468,1.09348202,-3.7825861,-2.13803148,1.23311949,0.698500395
479,9,9,-2.70140719,-0.497544527,-0.795753896,0.565611839,0.098720938,0.249555394,-2.83393645,-0.493150264,-0.146612808,1.02847397
480,9,9,-2.68056011,-2.34442353,-0.869041562,1.61850882,-1.86365962,1.4613955,-3.49166846,-0.447606087,0.426873446,1.87493801
481,9,3,-2.4627223,-0.280393034,1.01243711,3.20595908,-5.04415751,1.88014531,-4.71546173,-1.1372745,-0.125731781,-0.549801648
482,9,3,-2.2439332,-1.45442259,-0.276079059,1.84211409,-3.20433092,1.3629843,-4.5663166,1.64476204,-0.293817788,0.477066845
483,9,7,-2.00447726,-1.6257273,-0.444837272,1.83264291,-3.70792723,1.55852294,-5.65362072,3.32478929,-1.16770673,0.121004477
484,9,8,2.86452007,-4.23159552,1.12736988,-3.53194666,-1.5524888,-3.66368175,0.481452078,-4.17558384,5.31925631,-3.92008138
485,9,8,-0.75110513,-2.43312716,-1.21032476,-0.857259035,-0.409891546,0.215604305,-2.72617745,-0.00582447601,1.27008879,0.852362275
486,9,3,-2.44150805,-0.36092478,-0.237808645,1.74103034,-1.56069303,1.04527581,-2.71211982,-0.932743132,0.111577943,0.395435333
487,9,7,-2.14933801,-2.19429708,-0.855163634,1.81311703,-3.84729767,1.82961249,-5.09992266,2.39227748,-0.365684807,0.613762438
488,9,8,-0.48072809,-1.59958124,0.526902139,-0.206899017,-0.840439022,-1.5331887,-1.29367185,-1.88280272,2.94823098,-0.891117454
489,9,7,-1.95473886,-1.3701663,-0.675290942,1.4937892,-2.54881501,1.20111787,-4.66398621,2.42778659,-0.702016532,0.464158952
490,9,3,-2.31956768,-1.58317196,-0.543046832,2.19235301,-2.77380896,0.693638325,-5.52832127,1.90649998,-0.230473086,1.04617131
491,9,8,-2.29160786,-1.1662991,0.152789354,0.825382471,-0.10040088,-1.40895295,-3.21177983,-1.07009232,2.14225936,0.418272972
492,9,7,-1.46591794,-1.28349853,-0.862423897,0.844140291,-1.67096686,0.954742908,-3.60550332,2.12005877,-0.547214031,0.55363977
493,9,3,-2.19991493,-0.51823169,0.610391557,3.06141639,-3.31205893,0.373899043,-4.40714312,-0.42595017,0.368894935,-0.116937228
494,9,7,-2.19305539,-1.86422515,-0.850556374,1.6245501,-3.13341451,1.41042805,-5.74929094,3.15334582,-0.781627953,0.767765224
495,9,3,-2.03821898,-0.807605505,0.339828908,1.49271846,-1.58067775,1.20524955,-1.94359171,-0.835798681,-0.118210077,-0.102203473
496,9,9,-2.5730145,-2.23548269,-1.57453668,1.12860823,-0.690496087,1.54263246,-3.98782468,-0.860887587,0.502022088,2.26075792
497,9,9,-2.64653134,0.114131697,-1.0783242,0.28696236,-0.208146334,0.535361528,-2.62688422,-0.261924773,-0.137940034,1.02270544
498,9,3,-2.73082352,0.355141461,-0.279149771,1.09142172,-1.06184483,0.430373132,-3.23659253,-0.335996091,-0.153979555,0.618117809
499,9,8,1.59909558,-3.57777262,-0.100701801,-2.97121,-1.15522313,-1.32110023,-0.839883983,-1.63337886,4.36397076,-1.07078421
500,9,5,-1.55984557,-1.42512298,-1.00168014,0.680722952,-2.26744771,2.03511167,-2.94846606,1.08691657,-0.196537957,0.509550214
501,9,7,-2.34101605,-1.345052,-0.684131324,1.76251554,-2.92887568,1.22678304,-5.32703018,2.71113443,-0.639428496,0.41188243
502,9,3,-2.34913373,-0.0433834866,-0.565259755,0.959040999,-0.721477091,0.651970744,-2.63081169,-0.178432271,-0.362348765,0.641596973
