index,expected,prediction,logit_0,logit_1,logit_2,logit_3,logit_4,logit_5,logit_6,logit_7,logit_8,logit_9
0,7,7,-2.5,-2.625,1.9375,2.3125,-5.8125,-3.0625,-12.625,10.0625,-2.0625,0.3125
1,2,2,1.3125,7.375,12.25,-2.3125,-10.0625,-6.75,-4.125,-2.4375,-0.625,-14.9375
2,1,1,-1.625,8.4375,-1.9375,-5.6875,1.375,-4.9375,-0.1875,-0.125,-0.4375,-2.1875
3,0,0,10.9375,-8.9375,0.6875,-4.1875,-6.875,-2.4375,2.125,-4.875,-2.1875,-2.375
4,4,4,-5.4375,-5.1875,-4.0625,-8.875,11.75,-5.875,-2.9375,-2.1875,-1.625,4.3125
5,1,1,-2.1875,11.1875,-3.5625,-7.1875,2.4375,-6.5,-1.125,0.6875,-0.8125,-2
6,4,4,-9.875,-3.25,-5.4375,-7.125,10.0625,-3.9375,-5.25,-2.3125,5.3125,4.5625
7,9,9,-9.5625,-5.625,-0.875,3.5625,0.875,-1.9375,-11.5,-5.1875,3.625,7.375
8,5,5,-1.875,-11.5625,-2.5,-3.75,-3.9375,8.6875,4.5625,-10.1875,2.5625,3.6875
9,9,9,-5.1875,-10.4375,-3.875,-1.3125,2.25,-3.4375,-13.3125,-0.6875,5.3125,10.6875
10,0,0,11.625,-4.75,1.3125,-6.5625,-7.25,-2.875,-0.0625,-4.5625,-1.125,-2.125
11,6,6,1.625,-5.75,-1.875,-3.8125,-2.125,1.1875,9.125,-7.6875,0.875,-4
12,9,9,-6,-9.125,-4.875,-1.5,4.875,-3.1875,-13.5625,-0.625,1.4375,10.875
13,0,0,10.875,-6.3125,0.6875,-7.375,-5.5625,-3.875,-0.75,-2.625,0.1875,-0.9375
14,1,1,-4.75,11.6875,-2.25,-4.3125,1.5625,-6.25,-3.875,-0.6875,-0.875,-1.625
15,5,5,-6.0625,-2.8125,-1.0625,3.25,-5.9375,8,-1,-9.6875,2.1875,-1.75
16,9,9,-4.375,-9.125,-2.375,-2.875,2.9375,-5.3125,-11.4375,2.125,1.0625,10.5625
17,7,7,-1.1875,-4,2.6875,2.625,-8.25,-1.4375,-13,10,-2.875,-0.1875
18,3,3,-5.125,-3.9375,1.6875,6.875,-6.625,-0.5,-4.5625,-8.125,4.75,-3.4375
19,4,4,-8,-3,-3.875,-5.5,11.5,-5.5625,-7.625,-0.5625,-1.1875,2.125
20,9,9,-4.4375,-5.4375,-6.6875,0.0625,1.875,-1.5625,-13.5,1,-0.25,10.25
21,6,6,-2.375,-8.125,-2.8125,-3.625,-1.6875,3.6875,10.8125,-14.9375,3,-2.625
22,6,6,0.75,-7.25,-3.625,-4.75,1.6875,-0.625,8.25,-7,-0.1875,-0.6875
23,5,5,-5.4375,-7.875,-4.625,2.625,-5.3125,11.9375,1.125,-12.8125,0.875,2.25
24,4,4,-5.875,-2.875,-3.75,-5.125,9.125,-2.625,-3.6875,-1.0625,-2,2.8125
25,0,0,10.75,-10.1875,-0.875,-7.75,-3.625,-4.8125,2.125,-3,-0.6875,0.1875
26,7,7,-2.6875,-2.75,-1,1.5,-3,-0.8125,-10.6875,8.1875,-2.75,2.6875
27,4,4,-9.25,-5.75,-5.0625,-8.9375,16.1875,-6.8125,-9.1875,-4.25,-0.5,5.25
28,0,0,11.5,-5.5625,5.4375,-2,-10.5625,-6,-4.9375,-2.625,-0.375,-5.75
29,1,1,-5.75,7,-2.1875,-2.625,1.0625,-3.4375,-4.625,-1.0625,0.5625,0.6875
30,3,3,-7.3125,-3,-2.5625,12.6875,-6.5625,0.125,-15.375,-4.1875,0.9375,3.875
31,1,1,-5.75,7.1875,-1.75,-1.625,1.5,-3.4375,-5.3125,0.375,-1.3125,0.1875
32,3,3,-9.8125,-0.6875,1.4375,12.625,-5.9375,-3.0625,-13.9375,-6.0625,2.875,-2.875
33,4,4,1.6875,-5.8125,-0.625,-9.3125,7.375,-3,2.5625,-4.3125,-3.3125,-4.4375
34,7,7,-4.0625,1.875,3.4375,1.9375,-3.75,-10.25,-16.75,12.125,-0.9375,-1.9375
35,2,2,-0.375,3.6875,11.75,0.4375,-9.625,-5,-6.875,-0.5,-1.125,-6.0625
36,7,7,-2,-1.3125,5.0625,0.3125,-5.75,-5.1875,-10.1875,8.0625,-1.75,-0.5
37,1,1,-5.1875,9,-3.4375,-5.0625,2.5625,-4.8125,-4.125,-0.1875,0.125,0.9375
38,2,2,0.75,3.25,8.4375,0.4375,-8.25,-4.375,-4.1875,0.3125,-0.5625,-9.3125
39,1,1,-1.9375,10.3125,-3.625,-6.0625,0.625,-6.1875,-1.375,-1.9375,1.25,-2.1875
40,1,1,-2.4375,5.625,-0.6875,-2.3125,0.375,-3.875,-3.125,1.1875,-0.5,-0.25
41,7,7,-4.1875,0,4.9375,3.5625,-5.1875,-4.625,-12.125,7.375,-1.75,-1.6875
42,4,4,-9.1875,-1.0625,-9.0625,-7.25,13.375,-6.625,-6,-1.5625,-0.4375,5.75
43,2,2,-3,1.625,7.625,-2.9375,1.0625,-5.1875,-2.4375,-0.0625,-1.5,-11.25
44,3,3,-7.8125,-3.1875,-1,8.8125,-4.125,1.125,-9.5,-6,0.625,1.875
45,5,5,-3.1875,-7.375,-1.1875,2.25,-7.375,7.9375,1.1875,-12,4.75,0.0625
46,1,1,-9.75,7.5625,-0.1875,0.5625,0.5625,-4.25,-8.25,-1.5,0.75,-1.25
47,2,2,-1.8125,-0.125,8.4375,-0.625,-1.75,-5,-1.8125,-0.875,-1.25,-7.75
48,4,4,-10.375,-5.1875,-9.0625,-7.3125,14.875,-6,-9.75,-5.5,2.4375,7.4375
49,4,4,-7.3125,-9.0625,-4.125,-8.5625,13.3125,-6.4375,-5.125,-4.6875,-0.5,5.1875
50,6,6,2,-5.375,-2.3125,-3,-1.5,-0.0625,9.8125,-10,-1.125,-4.8125
51,3,3,-5.5625,-2.5,0.625,12.5625,-8.0625,-2.375,-11.875,-4.625,2.1875,-3.0625
52,5,5,-4.125,-9.3125,-4.375,0.5,-2.875,10.375,-1,-9.375,1.9375,1.875
53,5,5,-4.75,-5.8125,-3.5,1.4375,-3.6875,8.3125,-0.125,-9,1.9375,2.25
54,6,6,1.5625,-7,-3,-6.5,0.125,-0.75,12.3125,-9.8125,0.75,-1.875
55,0,0,9.9375,-2.6875,-0.875,-7.8125,-3.3125,-5.8125,0.5,-4.1875,1.875,-2.25
56,4,4,-8.1875,-6.875,-6.25,-11.25,15.5625,-4.25,-4.75,-3.1875,0.5625,3.8125
57,1,1,-1.75,9.0625,-2,-4.9375,0.875,-5.875,-2.375,1.3125,-0.625,-1.375
58,9,9,-6.375,-12.375,-3.25,0.375,3.3125,-3.1875,-16.875,0.0625,0.5,12.875
59,5,5,-1.4375,-4.1875,-4.9375,-1,-2.75,6.375,-1.9375,-2.0625,0.875,1.6875
60,7,7,-6.125,-4.4375,-2.75,5.25,-6.125,1.4375,-15.5,8.875,-2.6875,3.625
61,8,8,-3.1875,-9.875,2.9375,-0.0625,-4.75,-0.3125,-5.3125,-6.1875,8.3125,3.4375
62,9,9,-4.9375,-6.5,-2.5625,-1.0625,-0.875,3.1875,-4,-2.375,2.8125,6.4375
63,3,3,-5.875,-6.375,3.875,10.6875,-7.8125,-5.1875,-18.125,-1.1875,4.875,4.125
64,7,7,-6.6875,-5.5,2.75,5.75,-1.75,-10,-20.25,9.9375,1.4375,0.125
65,4,4,-7.5,-1,-4.5625,-1.3125,7.0625,-3.5625,-7.625,-2.9375,-0.1875,4.1875
66,6,6,3.125,-6.3125,-2.5,-4.125,0.375,-2.0625,6.375,-5.375,-0.875,-0.3125
67,4,4,-8.25,-6.8125,-3.5625,-7.8125,11.875,-4.125,-4.9375,-4.1875,-0.0625,4.25
68,3,3,-6.1875,-4.25,-0.0625,15.4375,-10.6875,-4.3125,-19.1875,-4.5,4.8125,3
69,0,0,9.4375,-8.125,-0.375,-3.4375,-8.0625,-0.0625,1,-3.1875,-4.1875,0.5625
70,7,7,-1.8125,-4.625,2.4375,3.875,-8.5625,-0.3125,-12.25,8.5,-2.1875,0.1875
71,0,0,14.5625,-6.875,0.8125,-8.8125,-7.8125,-4.25,0.625,-4.625,-1.8125,-0.875
72,2,2,3.75,1.0625,11.0625,-0.375,-9.6875,-6.25,-7.375,0.5,-1.4375,-6.4375
73,9,8,-4.75,-2.375,-0.375,0.5,-0.125,-8,-12.75,-0.625,6.125,5.6875
74,1,1,-4.1875,9.125,-4.375,-6.6875,3.5,-4.1875,-1.6875,-2.125,0.5625,0.6875
75,7,7,-6.3125,-1.3125,0,3.625,-0.5,-6.375,-14.25,8.75,-1.3125,-0.8125
76,3,3,-7.5625,-2.5625,-0.9375,12,-6.9375,0.1875,-12,-7.5625,2.875,1.5
77,2,2,-0.375,-0.75,8.875,1.9375,-8.75,-3.375,-7,2.5,-0.8125,-2.5625
78,9,9,-5.6875,-2.8125,-4.75,-1.5,4,-5.3125,-8.75,-3.6875,4.625,7.0625
79,7,7,-4.25,-4.875,3.5625,4.6875,-6.8125,-4.6875,-14.75,7.0625,2.3125,2.25
80,7,7,-3,-3.625,-3.5,-1.25,0.8125,-1.5,-10.875,7,-3,5.0625
81,6,6,1.4375,-5.5,-1.875,-4.625,-1,0.1875,10.5,-8.8125,-0.875,-1.6875
82,2,2,-3.125,2.3125,15.0625,-0.0625,-5,-13,-12.5,5.0625,-1.75,-8.875
83,7,7,-2.4375,-3.0625,-2.75,-1,-0.625,-1.625,-10,9.4375,-3.25,3.5625
84,8,8,-6.9375,-5.4375,-4.125,-0.375,-0.5625,1.4375,-2,-8.125,10.5625,0.6875
85,4,4,-9.1875,-6.875,-6.4375,-6.5625,13,-5.125,-7.9375,-4.3125,2.4375,4.25
86,7,7,-5.375,-1,2.375,2.4375,-6.0625,-4.9375,-15.3125,9.4375,0.6875,2.1875
87,3,3,-7.3125,-0.9375,-0.625,8.5625,-3.8125,-0.5,-9.875,-2.75,0,-2.0625
88,6,6,0.0625,-5.3125,-1.9375,-6.5,1.5,-1,11.6875,-8.625,-0.8125,-4
89,1,1,-2.25,9.8125,-3.75,-6.8125,2.6875,-6.6875,-0.125,-0.75,0.375,-2.75
90,3,3,-6.625,-5.1875,-2.3125,12.8125,-8.375,1.3125,-13.5,-8.6875,4.3125,3.5625
91,6,6,-1,-5.375,-2,-3.0625,-0.25,0.25,11.0625,-11.4375,-0.5625,-4.25
92,9,9,-4.9375,-3.0625,-3,-1.625,3.75,-4.25,-7.5625,-1.1875,3,5.5625
93,3,3,-7.8125,-3.3125,-3.75,12.3125,-6.3125,0.875,-16.0625,-8.0625,2.3125,6.3125
94,1,1,-6.1875,9.125,-0.1875,-4.4375,0.375,-5.625,-2.375,-4.125,2.3125,-3.0625
95,4,4,-3.0625,-7.6875,-3.0625,-6.875,9.3125,-8.8125,-3.0625,-5.1875,2,0.5625
96,1,1,-7.625,3.6875,-2.0625,0.375,0.5,-2.25,-7.9375,-0.5625,1.0625,2.1875
97,7,7,-6.625,-0.9375,2.125,3.8125,-0.375,-11.5,-16.1875,8.75,1.8125,-3.875
98,6,6,2.25,-5.0625,-0.875,-5.75,-1.5625,1.75,9,-9.125,-0.4375,-3.4375
99,9,9,-7.5625,-11.125,-2.8125,2.5,2,-4.9375,-17.5,0,2.125,12.9375
100,6,6,0.25,-3.875,-2.125,-3.9375,0.5,-0.0625,8.3125,-6.4375,-0.3125,-2.75
101,0,0,11.625,-5.5,0.4375,-7.3125,-7.625,-1.375,1.5,-4.9375,-0.9375,-1.625
102,5,5,-7.0625,-10.5,-6.1875,3.75,-6.9375,13.25,-4.125,-11.3125,3.375,5.8125
103,4,4,-8.1875,-6.125,-2.875,-9.1875,15.125,-6.75,-6.25,-3.25,-1.6875,2
104,9,9,-5.9375,-11.25,-4.3125,0.8125,-1.1875,5.3125,-8.9375,-4.1875,1.8125,10.375
105,9,9,-6.5,-9.8125,-3,-0.4375,2.4375,-2.1875,-12.875,0,1.875,11.625
106,2,2,0.5625,-1.0625,11.6875,-1.75,-5.5,-8.625,-8.5,3.0625,0.5,-7.125
107,1,1,0.125,9.9375,-4,-9.1875,1.5625,-4.9375,2.625,-2.125,0.625,-5.3125
108,9,9,-9.25,-7.25,-6.125,-1.375,5.375,-0.1875,-12.4375,-2.0625,1,12.1875
109,4,4,-4.25,-4.4375,-3.25,-8.6875,11.3125,-7.3125,-2.125,-2.625,-2.125,1.6875
110,8,8,-3.625,-1.5625,0.875,0.75,-4.125,-4,-5.5625,-9.6875,11.5,-2.875
111,7,7,-2.5,5,3.25,-0.5,-4.5,-8.75,-11.5625,6.625,1.125,-1.3125
112,3,3,-7.3125,0.1875,-1.375,10.0625,-6.0625,-0.875,-11.9375,-4.625,1.6875,0.4375
113,9,9,-6.25,-8.5,-2.3125,1.9375,1.8125,-5.1875,-14.125,-1.1875,2.8125,10.25
114,7,7,-6.125,-1.9375,4.3125,5.375,-5.0625,-6.3125,-15.4375,8.5625,0.0625,0.0625
115,4,4,-5.6875,-4,-3.125,-5.9375,7.5625,-4.375,-2.4375,-4.25,1.375,5.25
116,4,4,-9.5,-0.9375,-7,-3.625,10.125,-4.4375,-7.125,-2.8125,0.4375,6
117,4,4,-10.1875,-8.25,-2.375,-9.3125,14.875,-4.9375,-6.9375,-4.625,1.875,2.125
118,9,9,-3.8125,-5.4375,-2,-2.4375,3.25,-5.125,-8.6875,0.25,0.75,7.25
119,2,2,0.5625,-2.3125,7.8125,-2.3125,-6.4375,-8,-7.375,4.0625,1.1875,-0.9375
120,5,5,-7.1875,-15.0625,-5.8125,5.875,-10.4375,14.6875,-4.6875,-16.0625,4.875,8.25
121,4,4,-1.875,-5.5,-2.8125,-9.5625,8.375,-6.75,1.5,-4.4375,1.4375,1.625
122,7,7,-5.0625,-1.125,0.625,3.875,-5,-1.8125,-13.0625,7.125,-1.875,2.4375
123,6,6,0.8125,-4.75,-1.9375,-3.9375,-0.25,-0.75,10.3125,-8.6875,-1.125,-2.9375
124,7,7,-9.1875,-2.9375,-2.5625,-1.5625,4.375,-4.3125,-13.3125,7.4375,-0.1875,1.4375
125,9,9,-6.5625,-4.6875,-0.9375,-0.75,3.8125,-4.6875,-8.625,-3.0625,0.9375,7.8125
126,0,0,8.75,-7.125,2.1875,-0.0625,-10.3125,-0.1875,-0.5625,-4.875,-1.8125,-0.4375
127,5,5,-7.9375,-10,-8.25,2.0625,-4.625,14,-4,-12.6875,4.1875,6.125
128,8,8,-5.5,-7.3125,-1.0625,1.125,-4.3125,-1.625,-7.125,-6.5625,13.75,1.375
129,5,5,-7.5625,-11,-6.9375,2.125,-5.6875,15.375,-1.375,-14.6875,2.5625,5.9375
130,6,6,0.125,-8.8125,-3.375,-4.125,-0.3125,0.75,11.4375,-12.875,-0.0625,-0.375
131,6,6,1.8125,-9.0625,-2.1875,-5.0625,-1.625,0.6875,11.6875,-12.25,1.1875,-2.75
132,5,5,-8.0625,-11.9375,-4.875,3.5625,-8.4375,14.9375,1.8125,-19.5,5.125,3.4375
133,7,7,-5.25,-3.375,4,7.1875,-5.875,-9.8125,-21.8125,11.625,-1.0625,1
134,8,8,-5.4375,-2.6875,0.375,2,-4.875,-3.125,-6.9375,-7.5,12.1875,-0.9375
135,1,1,-2.4375,11.4375,-2.6875,-5.75,1.1875,-7,-2.625,-0.5625,0.0625,-2.125
136,0,0,9.6875,-4.4375,1.9375,-5.8125,-5.625,-4.4375,-0.6875,-3.125,0.3125,-1.75
137,1,1,-1.25,11.875,-3.4375,-8.5,2.25,-7,-0.1875,-1.4375,0.1875,-3.1875
138,6,6,1.8125,-6.25,-2.9375,-5.125,0.8125,-1.0625,11.25,-9.0625,-1.5,-4
139,4,4,-4.6875,-5.0625,-2.5625,-8.0625,8.875,-8.75,-4.625,-2.125,2.875,4.875
140,6,6,0.6875,-1.3125,-1.8125,-5.125,0.5625,-0.5,8.25,-7.375,-0.3125,-5
141,7,7,-4.375,-1.625,-1.875,2.8125,-2.75,-2,-13.6875,10.3125,-3.8125,1.9375
142,3,3,-4.875,-3.8125,4.6875,9.5,-7.625,-4.5625,-12.8125,-0.375,2.75,0.8125
143,1,1,-2,10.125,-0.75,-6.5,1.125,-6.5,-1.75,0.25,-0.125,-2.25
144,7,7,-5.875,-5.5625,3.625,5.75,-4,-6.4375,-17.4375,7.8125,0.9375,2.0625
145,1,1,-5.375,8.125,-2.6875,-4,1.6875,-2.1875,-2.6875,-2.0625,-0.0625,0.125
146,8,8,-3,-7.375,-0.375,1.6875,-4.25,-3.625,-7.0625,-6.8125,11.875,4
147,2,2,-2.875,-1.375,11.4375,-2.8125,-0.1875,-11.625,-7.5625,-1.4375,2.4375,-6.4375
148,0,0,10.125,-4.9375,1.0625,-5.375,-5.5,-3.75,1.125,-5.1875,-0.375,-2.75
149,2,2,-4.125,-2.125,8,1.125,-0.9375,-4.125,-5.4375,-0.6875,-0.125,-4.875
150,9,9,-7.625,-10.625,-4.1875,-0.1875,1.4375,-0.875,-12.25,-2.8125,3.75,13.875
151,9,9,-3.375,-9.4375,-0.0625,1.4375,-2.375,-1.9375,-9.3125,-4.6875,6.3125,7.625
152,5,5,-3.5,-7.25,-4.5,-2.1875,-3,10.25,-1.125,-7.5,3.125,2.625
153,5,5,-5.5,-7.25,-2.3125,2.125,-7.1875,10.0625,-0.4375,-13.75,5.75,2.25
154,1,1,-4.25,7.6875,-2.0625,-2.8125,2,-5.1875,-5.1875,2.0625,-2.1875,0.5
155,5,5,-9.25,-11.375,-7.5,1.125,-2.1875,13.75,-1.375,-15.9375,3.125,7.0625
156,6,6,0,-5.4375,-3,-5.9375,3.3125,-0.5625,8.8125,-6.875,-2.125,-2.625
157,0,0,8.875,-5.375,1.125,-4.875,-6.6875,-2.5,-0.375,-2,-0.5,-0.8125
158,3,3,1.25,-2.5625,4.4375,6.1875,-12.6875,1.6875,-5.0625,-4.1875,-1.0625,-4.1875
159,4,4,-5.5625,-0.375,-1.375,-3,6.9375,-4.375,-4.5625,-1.375,-2.875,0
160,4,4,-8.6875,1,-5.5625,-6.9375,9.375,-4.625,-1.5625,-4.4375,4.3125,0.4375
161,6,6,1.8125,-9.1875,-1.5,-3.1875,-0.4375,0.375,10,-12,-1.375,-5.5
162,5,5,-7.5,-12.6875,-7.5625,1.6875,-9.25,18.9375,-0.5625,-18.6875,4.75,5.3125
163,4,4,-9.4375,-8.625,-5.5,-8.375,14.8125,-6.125,-7.9375,-3.375,0.1875,5.25
164,6,6,-0.125,-4.25,-2.0625,-5.3125,2.3125,-1.75,7.9375,-4.6875,0.375,-3.9375
165,5,5,-6.9375,-10.875,-4.9375,2.3125,-6.8125,12.9375,-0.0625,-16.4375,5,4.4375
166,4,4,-5,-2.75,-1.875,-6.5,9.125,-6.1875,-3.9375,-2.1875,-1.125,1.5625
167,5,5,-3.375,-6.6875,-0.8125,2.5,-1.0625,3.9375,-3.375,-4.8125,-2.0625,-0.125
168,1,1,-4.4375,9.5,-1.0625,-4.5625,0.5625,-4.125,-1.375,-2.25,0.1875,-2.875
169,4,4,-8.75,-2.5625,-6.375,-5.4375,11.625,-3.3125,-7.0625,-1.0625,-1.1875,3.5625
170,4,4,-10.3125,-2.875,-7.5,-5.0625,12.8125,-3.6875,-8.25,-3.375,-0.75,5.9375
171,7,7,-2.3125,-2.3125,5.75,4.8125,-9,-7.25,-15.75,6.8125,2.6875,0.1875
172,2,2,-0.25,3.9375,12.25,3.9375,-14.4375,-6.3125,-9.375,-1.875,3.5,-11.8125
173,3,3,-3.5625,0.0625,0.0625,8.8125,-7.6875,0.125,-9.375,-1.5625,-0.375,-2.9375
174,2,2,-2.125,1.25,10.4375,1.25,-6.0625,-9.25,-8.8125,1.9375,1.875,-5.375
175,7,7,-2.25,2,1,1.5625,-3.0625,-3.875,-7.875,4.4375,-0.625,0.1875
176,1,1,-2.125,7.375,-2.25,-4.375,1.5,-3.6875,-1.625,0.0625,-0.5625,-0.375
177,8,8,-4.5,-6.6875,-0.5,1.75,-1.6875,-2.625,-4.6875,-8.4375,8.5625,2.9375
178,1,1,-3.4375,10.75,-3.25,-4.9375,1.9375,-5.9375,-3,0.375,-1.125,-0.625
179,8,8,-4.25,-1.5,3.4375,0.125,-6,-3.8125,-5.5,-8,11.5,-3.625
180,1,1,-4,9.8125,-2.625,-3.8125,2.125,-6.1875,-4.375,1.125,-1.4375,-0.125
181,8,8,-5.25,-3.75,1.9375,0.875,-6.75,-0.4375,-1.4375,-10.5625,10.75,-3.875
182,5,5,-6.25,-4.3125,-4.25,2.9375,-4.625,9,0.6875,-12.0625,2.625,-0.5
183,0,0,12.4375,-7.125,0.1875,-7.125,-6.1875,-3.8125,1.75,-5.0625,-1.9375,-0.875
184,8,8,-2.125,-4.25,2.0625,5.5,-6.5,-4.75,-6.4375,-6.1875,8.25,-4
185,9,9,-4.5625,-7.4375,-2.375,-3.875,4.8125,-5.25,-6.125,-3,1.0625,8.625
186,2,2,2.125,2.6875,14.1875,2.0625,-14.3125,-9.125,-9.25,1.0625,1.625,-12.5625
187,5,5,-7.1875,-11.375,-3.9375,6.5625,-9.6875,12.3125,-4.6875,-15.625,4.9375,5.4375
188,0,0,12,-4.875,0.75,-8.375,-9.6875,-0.4375,0.6875,-3.5625,0.625,-4.875
189,1,1,-6.1875,6.375,-1.125,-0.8125,1.0625,-1.9375,-3.5,-2.375,-0.375,-0.9375
190,1,1,-1.8125,10.0625,-2.8125,-6.3125,2.125,-8.6875,-2.75,0.6875,0.5,-1.75
191,1,1,-8.25,5.375,-1.8125,-0.25,0.9375,-2.1875,-6.875,-1.125,0.625,0.5625
192,0,0,9.9375,-1.5,0.3125,-7.75,-2.5625,-5.625,-0.8125,-2.1875,-1.5625,-5.3125
193,9,9,-7.9375,-7.0625,-3.4375,0.25,0.8125,-0.75,-9.375,-2.375,5.9375,8.5625
194,0,0,8.6875,-4.875,3.3125,-3.6875,-8.5,-2.875,-3.5,-0.6875,0.0625,-2.75
195,3,3,-8,1.25,1.9375,4.9375,-1.5625,-0.875,-6.6875,-2,0.125,-3.375
196,1,1,-2,9.9375,-2.3125,-7.6875,1.0625,-5.5,0.625,-3.0625,1.3125,-3.125
197,6,6,0.875,-6.375,-4.3125,-6.6875,0.0625,1.25,13.5625,-12.875,0.5625,-4.1875
198,4,4,-9.5625,-1.6875,-7.8125,-5.375,13.5625,-5.9375,-9.375,-1.6875,-1.125,5.5625
199,2,2,-1.1875,0.9375,13,4.3125,-10.5625,-12,-14.6875,4.6875,0.125,-6.125
200,3,3,-2.5625,-5,2.9375,11.625,-9.75,-4.375,-12.125,-7.0625,4.625,-1.75
201,6,6,2.75,-7.8125,-2.5625,-6.6875,0.8125,-1.9375,11.625,-9.0625,-1.625,-0.4375
202,1,1,-1.9375,10.6875,-2.875,-5.5625,2.125,-6.9375,-1.875,0.8125,-0.1875,-4
203,1,1,-3.9375,7.25,-3.25,-3.3125,2.3125,-3.0625,-2.5,-0.625,-1.4375,0.8125
204,1,1,-1.8125,8.875,-2.375,-5.5625,1.6875,-5.3125,-0.5625,0.1875,-0.5625,-2.3125
205,3,3,-6.75,-2.0625,-0.375,10.125,-5.1875,-1.625,-11.75,-3.25,1.4375,0.75
206,9,9,-8.25,-9.75,-5.25,-2.1875,1.3125,3.25,-9.9375,-4.25,5.1875,12.25
207,5,5,-2.8125,-4.875,-1.75,1.25,-5.25,6.5,-0.0625,-8.625,2.875,-0.75
208,2,2,-3.4375,-1.0625,12.8125,-0.1875,-2.6875,-8.1875,-8.5,3.875,-1.9375,-9.0625
209,9,9,-10.75,-8.6875,-6.9375,2.8125,5.625,1.125,-15,-4.5,0.0625,9.9375
210,4,4,-6.0625,-5.3125,-5.75,-8.1875,10.75,-3.4375,-5.125,-0.25,-0.25,5.8125
211,5,5,-2.125,-6.625,-4.5625,1.125,-4,7.5,-2.4375,-6.8125,2.25,2.75
212,9,9,-8.75,-10.0625,-6.375,3.9375,0,2.6875,-16.3125,-1,-0.1875,13.125
213,3,3,-5.8125,-1.6875,-0.5625,10.125,-8.125,-3.5625,-16.3125,2.875,1.25,2.6875
214,9,9,-7.25,-8.6875,-4.25,2.125,1.375,-3.8125,-15.1875,-2.9375,5.6875,10.5
215,0,0,8.9375,-4.6875,1,-8.0625,-3.625,-7.3125,-2.125,-0.1875,0.125,0.75
216,3,3,-6.5625,-4.125,0,15.8125,-11.6875,-2.6875,-18.375,-2.75,3.125,4.25
217,6,6,-1.1875,-2.8125,-3.4375,-5.5625,-3.8125,5.625,10.5625,-12.3125,3.875,-6.6875
218,5,5,-3.8125,-5.0625,-7.5,0.625,-4.4375,9.625,-4.375,-3.625,1.625,2.625
219,5,5,-2.75,-5.0625,-4.5,3.1875,-6.4375,8.75,-2.25,-9.75,0.5625,0.875
220,7,7,-0.8125,-4.3125,-0.75,-1.4375,-3.5,-1.75,-9.5,8.8125,-2,3.5
221,2,2,2.3125,-5.4375,9.8125,2.125,-7.875,-8.4375,-9,-0.0625,2.9375,-5.5
222,2,2,1.875,-4.625,11.1875,0.8125,-7.8125,-8.625,-8.625,1.3125,1.9375,-6.25
223,7,7,-2.8125,-3.5,4.375,3.8125,-8.125,-4.75,-15.3125,9.75,-0.875,1.625
224,1,1,-1.375,6.5,-1.1875,-3.8125,1.1875,-4.3125,-0.875,0.375,-0.25,-2.4375
225,2,2,0.1875,-0.625,10.5,2.625,-11.125,-6.1875,-9.75,1.375,2.5625,-3.3125
226,8,8,-7.25,-1.125,-2.625,-0.8125,-0.4375,-3,-4.125,-5.625,11.5625,-2.0625
227,4,4,-5.4375,-0.5625,-2.1875,-4.375,7.8125,-4.1875,-4.125,-1.875,-0.875,1.875
228,1,1,-1.5,10.9375,-2.4375,-7.0625,1.5625,-5.6875,-0.6875,0.125,-0.8125,-2.6875
229,7,7,-3.375,-0.375,1.25,3.125,-4.8125,-3,-12.25,7.6875,-1.8125,1.75
230,3,3,-6,-2.1875,-1.75,9.875,-5.5,2.9375,-9.1875,-6.5625,-1.625,1.6875
231,3,3,-5.25,-1,-1.4375,10.25,-7.25,-1.125,-12.875,-4.4375,2.5,2.875
232,8,8,-4.875,-7.6875,-0.3125,-3.4375,-5.75,5,3.5,-12.5625,10.5625,-1.75
233,8,8,-4.875,-7.1875,-0.4375,4,-6.375,-3.4375,-13.25,0.875,8.8125,4.6875
234,7,7,-3.625,2.3125,2.1875,2.9375,-5.1875,-5.6875,-13.1875,8.5625,-1.8125,-0.375
235,9,9,-2.6875,-8.3125,-1.25,0.25,-1.375,-2.0625,-10.5,3.1875,-0.125,8.125
236,2,2,-1.0625,3,13.6875,1.3125,-9.6875,-8.9375,-10.0625,3.5625,-1.5,-7.1875
237,2,2,-3.875,3.75,10,-0.75,-1.1875,-8.5,-6,2.125,-2.375,-9.125
238,4,4,-7.875,-5.4375,-5.3125,-7.875,13,-6.375,-6.125,-2.9375,-0.9375,4.5
239,1,1,-4.3125,10.1875,-3.125,-4.375,2.6875,-5.125,-3.625,0.0625,-1.9375,-0.0625
240,5,5,-9.4375,-10.625,-5.5625,4.875,-6.8125,12.875,-0.6875,-20,5.6875,5.5625
241,9,9,-3.875,-11.5,-2.1875,2.1875,-3.5,2,-8.3125,-8.5625,6.6875,8.8125
242,8,8,1.3125,-6.1875,-0.1875,-7.375,0.4375,-5.625,-1.0625,-6.0625,9.625,1.375
243,7,7,-7.6875,-2.4375,2.4375,5.1875,-1.625,-6,-16.1875,7.9375,-1.375,-0.625
244,2,2,-3.125,1.1875,8.8125,1.0625,-4.75,-6.4375,-7.9375,4.625,-0.625,-5.9375
245,3,3,-2.1875,-2,1.25,5.4375,-4.1875,0.9375,-3.3125,-2.9375,-2.3125,-5.375
246,0,0,13.5,-8.625,0.8125,-5.625,-10.125,-1,1.625,-6.8125,-2.1875,0.4375
247,4,2,-2.875,0.4375,5.125,-5.875,4.0625,-6.25,0.9375,-2.875,-1.0625,-9.9375
248,4,4,-5.1875,-6.8125,-5.3125,-10.25,12.9375,-8.5,-3.4375,-3.3125,-0.25,4.375
249,2,2,-0.1875,2.8125,9.5625,1.6875,-8,-7.75,-6.6875,0.9375,-0.25,-7.75
250,4,4,-10.3125,-4.1875,-7.5,-3.5625,12.375,-7.0625,-11.625,-5,2.3125,6.875
251,1,1,-3.125,7,-2.1875,-4.1875,0.625,-1.375,-0.375,-2.375,-0.25,-1.5
252,9,9,-6.5,-9.25,-4.8125,-0.3125,3.1875,-2.125,-13,-1.9375,1,12.9375
253,5,5,-6.8125,-7.1875,-4.5625,4.375,-5.1875,10.4375,-2.5,-12.6875,1.8125,4.5
254,7,7,-3.6875,-1.625,0.75,3.9375,-5.625,-2.5625,-13.625,8.75,-2.3125,2.125
255,7,7,-3.875,1.5,2.875,2.8125,-6.3125,-4.1875,-12.4375,7.75,-1.625,0.625
256,2,2,-0.375,4.9375,10.6875,1.6875,-9.5625,-9.375,-9.0625,2.75,0.0625,-9.8125
257,8,8,-2.375,1.375,0.6875,-0.5,-3.5625,-4.125,-1.0625,-6,5.375,-5.375
258,2,2,0.0625,-4.9375,10.875,-0.125,-4.6875,-10.875,-10.5,2.8125,-1.25,-1.875
259,6,0,7.125,-6.5625,-1.25,-4.5625,-5.5,1.875,6.5625,-6.6875,-1.0625,-4.6875
260,8,8,-2.6875,-5.8125,2.375,1.1875,-6.625,-0.1875,-5.25,-5.625,9.8125,-0.5625
261,5,5,-3.25,-1.625,-5.4375,2.625,-7.875,8.1875,-4.3125,-4.9375,1,1.4375
262,7,7,-5,-1.125,-1.6875,3,-3.125,-2,-13.8125,9.6875,-3.5,2.25
263,7,7,-4.8125,0.875,1.3125,2.5,-4.25,-4.875,-14.125,8.9375,-2.0625,1.875
264,9,9,-8.75,0.1875,-2.25,1.125,1.6875,-3.9375,-10.125,-2.375,2.875,5.5625
265,1,1,-4.4375,11.4375,-0.875,-3.75,0.5,-7.25,-4.375,-0.25,-0.375,-2.5625
266,8,8,1.125,-6.3125,-0.8125,-1.5625,-3.375,-1.375,2.5,-9.9375,6.75,-4.0625
267,1,1,-5.125,11.3125,-3.4375,-4.9375,3.375,-7.5,-4.1875,-0.3125,-1.125,-0.3125
268,8,8,-2.3125,-11.5625,2.6875,-0.25,-4.6875,0.8125,-4.4375,-9.25,9.8125,1
269,0,0,8.125,-6.875,0.8125,-3.875,-6.5,-1.9375,-1,0,-2.75,-0.125
270,3,3,-9.5625,-1.4375,-2.25,13.3125,-7.5625,2,-12.4375,-8.875,2,-0.125
271,0,0,10.875,-6.5625,0.75,-6,-4.9375,-4.75,0.5625,-3.6875,-1.5,-1.0625
272,1,1,-4.3125,10.3125,-2.625,-4.1875,2.25,-4.9375,-3.4375,0.1875,-2,-0.5
273,9,9,-6.0625,-10.1875,-1.6875,3.0625,-2.0625,-4.4375,-15.875,0.3125,4.625,11.9375
274,9,9,-6.5,-9,-3.0625,4.75,-1.6875,-3.0625,-16.0625,1.375,1.125,11.5625
275,4,4,-7.8125,-5.625,-5.875,-9.3125,14.375,-7,-5.875,-3.4375,-0.4375,6.25
276,1,1,-2.3125,11.75,-2.3125,-7,1.6875,-7.3125,-2.3125,0.0625,-0.0625,-1.75
277,8,8,-4.5625,-5.625,0.1875,0.625,-2,-6.25,-7.875,-2.6875,11,2.25
278,2,2,0.4375,-2.75,9.5,-3.1875,-4.875,-10,-4.9375,1.6875,2,-3.5625
279,1,1,-4.0625,9.375,-2,-3.25,1.9375,-5.3125,-4.375,1.1875,-2.3125,-0.375
280,2,2,0.5,3.5625,12.0625,2.125,-10.75,-9.5625,-6.8125,-2.4375,2.0625,-12.625
281,9,9,-5.0625,-9.25,-4,-1.875,4,-6,-10.5,-3.75,3.625,11.5625
282,7,7,-4.25,2.5625,2.0625,3.875,-4.75,-5.5625,-13.0625,6.875,-2.125,0.4375
283,5,5,-3.6875,-6.1875,-6.25,1.3125,-4.125,10.0625,-2.4375,-6.3125,0.75,2.6875
284,9,9,-3.375,-9.375,-2.875,-2.875,3,-2,-8.8125,-0.375,-0.1875,9.6875
285,2,2,-1.4375,0.8125,12.625,0.375,-6.5625,-7.1875,-5.6875,1.6875,-1.3125,-8.8125
286,6,6,-3.75,-2.0625,-1.375,-3.4375,-1.6875,3.25,9.5625,-11.625,1.0625,-5.3125
287,4,4,-7.9375,-8.3125,-0.875,-4.125,10.0625,-3.0625,-9,-4.0625,0,2.3125
288,1,1,-1.375,10,-5.625,-8.9375,2.3125,-4.1875,1.875,-2.1875,0.5625,-1.5625
289,5,5,-8.6875,-6.25,-3.5625,-0.5,-1.625,7.8125,1.4375,-13.625,6.0625,2.125
290,8,8,-9.375,-5.0625,-5.8125,-2.9375,4.375,1.625,-2.375,-9.75,8.25,3
291,2,2,-1.625,7.6875,12.6875,1.75,-12.25,-6.6875,-7.6875,-3.0625,1.4375,-14.5
292,9,9,-2.1875,-8.6875,-2,-2.25,1.3125,-3.25,-8.4375,0.1875,-0.625,8.5625
293,2,2,-2.5,1.5,13.6875,2.0625,-6.375,-11,-10.5625,1.9375,-0.375,-7.5625
294,0,0,8.875,-3.4375,3.25,-4.3125,-8.125,-2.25,-1.6875,-2.625,0.4375,-4.75
295,4,4,-10.875,-4.75,-6.3125,-4.625,13.4375,-3.75,-11.625,-1.25,-1.875,5
296,0,0,12.8125,-4.875,2.5,-5.375,-8.375,-4.1875,-0.875,-4.1875,-2.625,-4.5625
297,0,0,9.9375,-7.5,-0.3125,-4.5,-7.5625,0.25,2.1875,-3.875,-2.9375,-1.0625
298,2,2,-1,0.0625,10.5,3.8125,-8.625,-5.375,-6.5625,-3.625,1.75,-9.9375
299,8,8,-4.125,-0.9375,0.1875,2.625,-5.875,-3,-7.1875,-6.25,10.0625,-2.375
300,4,4,-2.875,0.625,-0.3125,-4.75,6.3125,-5.5625,0.375,-2.375,-3.6875,-5
301,7,7,-6.75,-2.125,5.875,5.875,-4.375,-9,-18.375,10,-0.5625,-2.5
302,1,1,-5,9.625,-1.3125,-3.0625,1.0625,-5.125,-3,-1.1875,-0.5,-1.5
303,2,2,-1.25,-4.25,6.0625,0.125,-3.9375,-4.25,-4.0625,1.5625,0.8125,-1.1875
304,4,4,-9.375,-2.5625,-7.5,-5.25,10.3125,-5.25,-7,-1.8125,2.75,4.625
305,0,0,10.0625,-4.75,1.125,-6.25,-9.4375,1.25,2.125,-5.75,-0.4375,-1.1875
306,2,2,0.1875,3.9375,12,0.9375,-9.5625,-8.8125,-7.9375,1.375,0.5,-9.5625
307,7,7,-7.5625,-1.75,1.375,5.625,-2.0625,-8.0625,-18.25,8.3125,-0.875,2.375
308,4,4,-7.75,-1.1875,-7.25,-9.125,12.625,-8.3125,-4.4375,-2,4.125,2.25
309,3,3,-7.375,-1,-0.4375,10.375,-5.9375,0.6875,-7.375,-8,0.9375,-2.0625
310,3,3,-6.1875,-3.4375,-0.0625,11.6875,-8,-0.9375,-11.4375,-6.625,4,1.3125
311,0,0,11.875,-8.9375,1.1875,-5.6875,-6.4375,-4.625,0.25,-3.75,-0.75,-1.4375
312,0,0,10.6875,-6.6875,-0.4375,-9.3125,-2.625,-6.6875,0.3125,-2.25,0.3125,0.6875
313,3,3,-9.0625,-3.5625,-1.5,8.9375,-3.6875,3.625,-5,-10.75,0.875,-3.8125
314,1,1,-5.75,11.25,-3.4375,-5.0625,2.875,-4.9375,-2.8125,-1.75,-0.9375,-0.5
315,9,9,-3.9375,-12.5625,-1.875,2.75,-3.8125,-1.125,-13.9375,-0.1875,3.5625,11.75
316,6,6,0.375,-4.6875,-4.9375,-5,-1.25,2.4375,11.4375,-12.875,0.875,-3.3125
317,5,5,-7.875,-5.75,-5,1.3125,-2.375,8.625,-5.25,-4.25,1.6875,2.25
318,2,2,4.0625,-8.8125,8.6875,4.1875,-10.4375,-5.25,-7.25,-5.1875,4.1875,-5.125
319,5,5,-5.8125,-10.375,-2.875,-1.25,-4.375,11.25,4.5,-16.625,4.4375,1.375
320,9,1,-4.25,3.5625,-1.4375,-1.375,-2.5,-4.25,-8.5625,1.75,3.125,2.875
321,2,7,-1.625,2.1875,5.8125,2,-8.0625,-7.4375,-11.6875,5.875,1.4375,-2.4375
322,9,9,-8.1875,-6.625,-6.8125,0.75,4.375,-1.5625,-14.9375,-0.4375,0.0625,11.5625
323,3,3,-5.6875,-1.6875,-0.8125,13.5,-10.75,-1.25,-14.6875,-4.125,3.3125,0.875
324,0,0,4.9375,-4,-0.9375,-4.125,-4.5,1,2.1875,-3.5625,1.4375,-1.25
325,4,4,-3.8125,-2.0625,-3.25,-7,8.875,-8.3125,-1.75,-3.125,1.3125,2.125
326,2,2,-5.3125,7.6875,8.4375,-4,0.25,-3.375,0.4375,-3.6875,-4,-14.375
327,0,0,12.125,-5.4375,-1.1875,-10.1875,-2.1875,-6.875,1.0625,-3.75,-0.3125,-0.3125
328,7,7,-4.875,-0.5,2.6875,3.6875,-4.6875,-5.75,-13.75,7.8125,0.0625,0.125
329,1,1,-4.4375,11.125,-3.25,-4.375,2.6875,-7,-3.875,0.25,-1.1875,-0.9375
330,1,1,-4.5,9.875,-3.6875,-5,3.25,-5.75,-3.4375,0.3125,-1.875,0.4375
331,2,2,0,4.375,10.8125,0.875,-8.8125,-9.1875,-7,0.625,1.625,-9.4375
332,1,1,-3.9375,10.5,-3.4375,-5.0625,2.6875,-6.6875,-3.25,0.625,-1.25,-0.125
333,5,5,-6.875,-8.8125,-5,0.6875,-5.75,11.5,-1,-12.5625,5.9375,4.375
334,3,3,-6.25,-2.5625,-1.5625,12.125,-7.4375,-0.375,-13.5625,-5.3125,2.5625,2.875
335,3,3,-4.625,-2.9375,2.1875,9.875,-9.1875,-2.6875,-9.3125,-6.125,5.375,-0.4375
336,9,9,-9.25,-9.1875,-2.875,-0.125,5.75,-4.8125,-14.75,-3.625,2.625,11.375
337,7,7,-2.5625,-4.4375,1.9375,4.1875,-7.875,-0.5625,-11.5,5.6875,-1.0625,2.875
338,8,8,-2.3125,-4.6875,4.0625,0.125,-5.5,-1.75,-4.4375,-8.5,10.8125,-7
339,6,6,-2.3125,-5.6875,-0.8125,-5.4375,-0.375,3,10,-11.875,1.75,-3.5
340,5,3,-8.6875,-2.9375,-3.875,5.5,-1.4375,4.8125,-1.8125,-13.9375,-1.125,0.375
341,6,6,-0.9375,-3.4375,-1.5625,-1.5,-0.0625,0.0625,4.8125,-5.3125,0.5625,-1.1875
342,1,1,-3.4375,10.9375,-4.0625,-5.6875,2.625,-5.4375,-2.8125,-0.1875,-1,-0.3125
343,3,3,-6,-1.4375,0.125,11.8125,-8.9375,0.5625,-9.5625,-8.75,2,-3.6875
344,8,8,-7.375,-3.6875,-2.9375,-0.625,-0.4375,0.75,0.5,-10.3125,9.625,-2.875
345,1,1,-5,10.4375,-4.5625,-4.375,3.3125,-7.8125,-6.375,0.9375,-1.0625,1
346,0,0,9.25,-3.75,0.1875,-5.4375,-6.0625,-4.875,-2.875,-0.75,1.3125,-0.75
347,5,5,-6.6875,-7.875,-6.1875,1.3125,-4.3125,9.375,-0.6875,-14.8125,7.375,3.0625
348,1,1,-2.125,10,-3.25,-7.5,1.75,-5.1875,0.625,-1.5625,0.4375,-2.125
349,3,3,-5.5,-4.8125,0.3125,9.3125,-7.875,-3.375,-15.6875,2.5,2.5625,5.6875
350,1,1,-8.4375,8.4375,-1.875,-1.3125,2.8125,-5.625,-7.9375,-0.125,-1.25,-0.1875
351,5,5,-5.5,-13.25,-5.3125,0.625,-8.75,15.4375,0.8125,-16.75,5.25,5.375
352,5,5,1.4375,-6.375,-3.1875,1.0625,-9.75,8.75,0.0625,-8.4375,0.8125,-1.3125
353,6,6,2.625,-8.0625,-2.375,-6.625,1.5625,-3.375,10.125,-9.75,0.375,-1.875
354,1,1,-2.4375,10.25,-2.1875,-5.0625,2.875,-8.4375,-3.3125,0.9375,0.875,-4.25
355,8,8,-0.4375,-3.9375,-3.25,-3.875,-3.4375,0.5625,1.1875,-8.9375,9.6875,0.5
356,5,5,-7.1875,-10.9375,-7.25,3,-6.8125,15.125,-1.8125,-15.875,2.25,5.625
357,1,1,-2.625,6.9375,-1.6875,-2.375,0.6875,-3.125,-2.8125,0.9375,-1.75,-0.4375
358,7,7,-7.1875,3.1875,-3.125,1.0625,2.125,-3.875,-11.8125,5,-3.1875,1.4375
359,9,9,-8.4375,-5.0625,-3.75,-1.8125,6.125,-7.125,-12.4375,-2,5,7.5625
360,4,4,-9.4375,-7.9375,-1.25,-5.8125,11.625,-3.25,-8,-4,1.625,1.8125
361,6,6,-0.125,-8.25,-3.6875,-4.6875,0.375,0.6875,12.5625,-12.375,0.125,-3.3125
362,2,2,1.5,-0.625,9.375,-0.25,-9,-9.25,-10.5,4.625,0.25,-2
363,2,2,-2.3125,6.5,9.0625,-0.875,-5.5,-4.8125,-2.625,0.0625,-2.8125,-11.0625
364,5,5,-6.8125,-11.375,-6.3125,2.9375,-6.625,14.25,-3.5,-12.1875,2.9375,5.625
365,0,0,9.1875,-2.875,-0.8125,-6.875,-4,-3.8125,0.8125,-3.4375,0.5625,-0.1875
366,6,6,2.3125,-5.5,-1.75,-3,0.75,-1.8125,5,-5.1875,-1.1875,-2.125
367,5,5,-6.3125,-7.1875,-0.5625,3.1875,-5.5,9.1875,-0.6875,-10.9375,1.6875,0
368,6,6,-1.75,-4.8125,-0.9375,-2.375,-2.1875,2,9.6875,-11.5625,1.5625,-5.25
369,3,3,-4.625,-3.1875,-0.625,10.5,-6.6875,-1.625,-15,-1.875,1.75,3.125
370,7,7,-4.875,0.8125,0.9375,4.75,-4.625,-4.9375,-15.6875,9.25,-3.125,1.125
371,2,2,-0.875,3.9375,12.4375,0.0625,-7.5625,-8.75,-7.25,3,-3.4375,-13.3125
372,0,0,9.25,-6.4375,0.75,-4,-7.75,-0.75,0.625,-3.25,-1.25,-0.8125
373,8,8,-3.625,-3.9375,2.3125,2.3125,-5.625,-4.0625,-6.0625,-4.9375,9.8125,-0.375
374,8,8,-3.6875,-6.75,1.8125,0.6875,-1.9375,-5,-5.9375,-6.125,10.4375,1
375,5,5,-5.875,-10.125,-6,-1.1875,-5.1875,14.75,2.4375,-15.75,4.25,3.5
376,4,4,-9.25,-2.5625,-5.8125,-2.0625,10.4375,-5.4375,-11.8125,-1.75,-1.4375,6
377,1,1,-2.9375,9.5625,-2.25,-4.75,1.625,-5.625,-3.3125,1,-1.1875,-0.5
378,1,1,-3.875,9.8125,-3.125,-4.125,2.3125,-5.8125,-3,-0.1875,-0.6875,-0.5
379,4,4,-7.1875,-4.5,-5.0625,-9.625,14.75,-6.5625,-8.0625,-2.9375,-0.6875,4.625
380,0,0,8.9375,-5.4375,-0.4375,-5.75,-5.5,0.125,3.375,-6.3125,-1.5,-0.125
381,3,3,-2.8125,-2.1875,3.8125,7.0625,-8.0625,-1.125,-8.1875,0,0.1875,-1.4375
382,3,3,-7.5,-2.8125,-0.5625,13.9375,-8.5625,-1.4375,-14.4375,-6.25,3.0625,0.0625
383,7,7,-3.4375,-0.4375,0.8125,2.5625,-4.5625,-2.5625,-11.375,8.4375,-2.1875,0.9375
384,6,6,0.8125,-7.75,-2.5,-4.375,-0.3125,0.375,12.0625,-11.4375,-1.4375,-1.8125
385,1,1,-2.4375,9.125,-2.5625,-4.9375,1.6875,-5,-1.25,-0.25,-0.6875,-1.3125
386,6,6,1.6875,-7,-3.125,-2.5,-2.5,3.0625,8.625,-10.9375,0.1875,-3.125
387,2,2,-3.3125,1.8125,8.875,0.875,-4.4375,-4.4375,-5.625,1.6875,-2.875,-4
388,1,1,-1.5625,11.0625,-3,-6,2.125,-6.6875,-1.8125,1.125,-0.3125,-4.375
389,9,9,-8.125,-4.25,-5.5625,0.0625,1.5625,-2.5625,-13.0625,2.5625,2.25,9.625
390,2,2,1.625,-6.5,10.6875,2,-8.5,-7.25,-10.3125,3,-0.9375,-3.3125
391,8,8,0.625,-6.375,3.375,-2.625,-3.9375,-3.6875,-3.375,-3.5625,7.8125,-1.125
392,6,6,-0.75,-6.25,-3,-5.8125,2.875,-0.875,10.5,-10.8125,-0.6875,-2.6875
393,1,1,-3.5,10,-2.5625,-4.9375,2.1875,-6.375,-4.0625,1.25,-1.5,-0.0625
394,9,9,-2,-5.3125,-1.75,-2.875,1,-4.625,-8.3125,2.5,0.75,7.25
395,5,5,-5.875,-11.125,-4.1875,3.8125,-9.875,13.25,-0.75,-17,5.75,4
396,2,2,-1.625,0.25,12.5,-0.3125,-2.6875,-12.4375,-9.5625,4.6875,-0.8125,-10.75
397,5,5,-8.0625,-8.625,-3.625,3.875,-6.125,11.0625,0.25,-16.5,5.0625,2.125
398,4,4,-7.6875,-5.875,-4.4375,-9.4375,13.875,-3.125,-5.8125,-2.75,-0.125,3.25
399,4,4,-5.375,-5.75,-1.4375,-8.625,12.875,-8.75,-5.1875,-3,-3.875,1.3125
400,2,2,1.625,-3.8125,7.875,-0.4375,-4.375,-6.75,-7.625,-0.4375,1.4375,-2.5
401,8,8,-4.8125,-1.125,2.1875,3.5625,-5.4375,-4.75,-8.125,-4.3125,9.375,-3
402,3,3,-7.1875,-3.3125,1.875,12.375,-6.5,-0.5625,-13.9375,-7.1875,1.8125,-0.5
403,8,8,-3.3125,-5.8125,-0.25,0.0625,-2.75,-0.3125,-5.5625,-1.8125,6.0625,3.4375
404,2,2,-0.3125,0.8125,7.9375,1.0625,-7.25,-6.1875,-7.5,2.875,0.125,-4.4375
405,4,4,-10,-9.6875,-3.6875,-2.625,10,-0.75,-9.25,-8,-0.0625,7.125
406,5,5,0.4375,-10.875,-3.8125,-2.625,-4.8125,6.9375,4.1875,-12.3125,4.4375,2
407,0,0,11.9375,-6.25,2.0625,-4,-8.9375,-3.3125,-1.0625,-4.75,-0.6875,-3.8125
408,3,3,-3.6875,-3.625,1.75,8.625,-9.5625,0.9375,-4.0625,-9.9375,2.9375,-3.625
409,1,1,-5.3125,8.8125,-4.5625,-4.4375,1.6875,-3.3125,-1.75,-2.1875,0.125,0.8125
410,7,7,-4.9375,-2.3125,-2.125,2.5,-2.6875,-1.625,-13.3125,9.4375,-3,3.375
411,7,7,-3.5,2.9375,1.25,0.3125,-3.875,-5.625,-11.1875,6.75,0.3125,0.9375
412,5,3,-7.8125,-8.4375,-8.375,8.8125,-6.75,8.4375,-11.125,-10.3125,4.6875,6.1875
413,7,7,-2.875,-5.5625,0.1875,2.6875,-6.875,-1.125,-14.125,9.9375,-1.125,3.625
414,9,9,-6.5625,-3.9375,-2.625,0.75,2.375,-4,-10.5,-0.875,0.8125,8.0625
415,7,7,-3.25,-3.25,-0.5625,-1.25,-1.0625,-1.25,-9.25,8.3125,-2.5,3.375
416,1,1,-2.6875,11.25,-2.375,-7.1875,1.9375,-6.5625,-0.5625,-1.0625,-0.375,-2.25
417,9,9,-7,-5.125,-5,0.625,2.625,-3.625,-14.0625,2.6875,1.5625,8.625
418,2,2,-1.3125,-1.8125,12.0625,0.4375,-4.375,-10.1875,-9.5625,4.25,0.1875,-8.375
419,1,1,-3.9375,9.25,-2.1875,-3.3125,1.9375,-4.625,-3.6875,0.5,-2.0625,-0.5
420,4,4,-2.875,-3.25,0.375,-4.875,4.5,-5.375,-3.875,0.625,1.75,1.9375
421,2,2,2.25,-0.375,5.3125,0.375,-8.125,-0.6875,-4.3125,-2.375,-0.6875,-2.5
422,9,9,-8.75,-7.375,-4.75,1,3.1875,-3.8125,-15.625,0.375,3.1875,11.3125
423,2,2,-1.125,2.3125,13.25,1.375,-8.3125,-8.875,-10.6875,4.375,-3.5,-7.125
424,0,0,10.5,-5.25,0,-7.0625,-5.25,-2.5,1.3125,-4.0625,-1.125,-0.8125
425,4,4,-5.4375,-5.9375,-2.5,-9.25,10.25,-5.5625,1.875,-3.8125,0.8125,-2.1875
426,9,9,-6.5625,-4.9375,-5.3125,-0.625,3.75,-3.3125,-11.75,-1,1.6875,10.25
427,1,1,-4.125,9.0625,-2.6875,-3.875,2.125,-4.25,-3.3125,-0.125,-1.5625,0.0625
428,4,4,-5.9375,-2.3125,-0.75,-6.5625,10.375,-8.8125,-3.625,-2.6875,-0.4375,-2.0625
429,8,8,-5.875,-3.9375,-0.3125,-0.375,-2.0625,-3,-3.6875,-5.25,11.125,0.375
430,1,1,-1.625,10.1875,-2.375,-7.4375,1.3125,-5.1875,0.6875,-1.125,-0.1875,-2.75
431,8,8,-3.4375,-4.8125,3.375,0.625,-3.8125,-3.125,-4.6875,-3.9375,7.875,-0.125
432,4,4,-9.125,-3.25,-3.0625,-2.6875,7.5625,-0.125,-2.75,-5.75,-1.4375,-1.5
433,5,5,-6.25,-6.5,-6.0625,1.625,-2.375,9.25,-2.9375,-8,4.1875,0.8125
434,9,9,-5.4375,-7,-1.9375,2.6875,0.9375,-4.875,-14.0625,-0.1875,1.4375,9
435,8,8,-5.0625,-2.375,0.5,0.1875,-4,-5.1875,-9.625,-0.1875,8.5625,4.25
436,8,8,-1.3125,-1.625,0.25,-3.1875,-0.4375,-6.25,-4.625,-3.125,8,1.9375
437,3,3,-9.625,-3.375,-1.9375,16.125,-10.625,1.1875,-14.6875,-10.0625,5.8125,-1.5
438,7,7,-1.0625,-4.3125,1.3125,1.0625,-6.625,-1.625,-10.5625,7.8125,-1.125,2.875
439,6,6,-0.5,-6,-4.125,-2.9375,-2,3.625,9.4375,-12.4375,1.5,-1.875
440,0,0,13.4375,-8.875,1.75,-5.125,-10.0625,-3.5625,-0.5,-3.5625,-1.4375,-2.9375
441,0,0,10.0625,-4.6875,-1.4375,-8.4375,-1.1875,-5.3125,3.5625,-5.3125,-0.9375,-2.8125
442,3,3,-7.9375,-3.1875,-1.5625,13.625,-7.5,-0.0625,-13.875,-5.75,1.5,0.5625
443,0,0,5.125,-1.375,0.25,-3.6875,-3.5,-2.5,-0.4375,-1.4375,0.5,-0.5
444,2,2,-2.625,-1.75,9.6875,5.125,-11.25,-6.25,-12.4375,2,4.875,-3.25
445,6,0,4.875,-9.6875,-1.4375,-2,-2.625,1.1875,4.25,-6.0625,-2.25,-0.5625
446,6,6,0.625,-9.75,-0.9375,-0.625,-6.1875,3.125,9.25,-15.6875,3.3125,-3.625
447,4,4,-2.6875,-3.3125,-3.4375,-3.75,6.4375,-6.5625,-6.125,-3.25,0.5,1
448,9,9,-4.0625,-9,-3.1875,3.875,-2.8125,-1.25,-11.3125,-9,7.125,9.25
449,3,5,-7.1875,-8.75,-3.5,9,-8.625,9.625,-5.6875,-13.5625,3.1875,0.25
450,3,3,-10,-4.5,-4.875,10.125,-5,5.1875,-10.0625,-13.8125,3.25,5
451,3,3,-6.25,-5.3125,1.9375,16.0625,-12.1875,-5.75,-22.375,-0.75,4.5625,3.5625
452,2,2,-2.5,6.4375,10.625,0.4375,-7.9375,-6.1875,-4.8125,-0.8125,-0.25,-9.0625
453,3,3,-3.9375,-5,0.0625,11.25,-8.875,0.875,-7.5,-9.5625,2.25,-0.9375
454,9,9,-5.4375,-11.1875,-2.6875,-1.125,2.8125,-2.4375,-12.8125,0.5,1.3125,11.3125
455,1,1,-2.5625,10.5,-2.1875,-6.25,2.375,-8.3125,-2.0625,0.75,-0.4375,-2
456,2,2,-1.125,4.6875,7.0625,-0.4375,-6.5,-4.8125,-4.8125,-0.375,1.25,-4.375
457,6,6,-1.25,-7.5,-4.1875,-2.25,-3.9375,5.5,9.4375,-15.1875,3.125,-2.9375
458,8,8,-3.6875,-6.625,0.0625,2.625,-4.8125,-3,-7.0625,-5.6875,11.125,2.4375
459,0,0,10.75,-6.5625,0,-5.625,-5.5,-2.375,0.8125,-5.375,-0.9375,-0.125
460,5,5,-6.9375,-6.75,-8.5625,0.8125,-0.8125,8.75,-8.0625,-4.3125,2.1875,6.3125
461,6,6,-1.1875,-5.9375,-2.375,-7.8125,3.3125,-1.5625,11.375,-8.5625,1.375,-4.8125
462,6,6,0.3125,-11.1875,-1.0625,-3.6875,-3.5,2.0625,10.375,-12.875,2.9375,-1
463,6,6,0.875,-8.625,-3.0625,-5.5625,0.125,-0.1875,13.0625,-12.3125,-0.4375,-1.1875
464,3,3,-5.625,-5.9375,-1.625,10.875,-9.5625,-0.75,-17.375,1.4375,3.0625,5.375
465,8,8,-5.5625,-6.1875,0.375,3.25,-5.5,-3.5,-10.5,-5.8125,12.9375,1.8125
466,8,8,-3,-4.75,0.5625,0.1875,-2.875,-5.3125,-7.75,-6.75,11.75,2
467,2,2,-0.125,2.5625,12.1875,1.375,-11,-6.375,-8.3125,2.375,-0.625,-6.8125
468,7,7,-6.1875,-3.5625,2.625,5.3125,-3.4375,-9.3125,-20,9.5625,1.5,2.125
469,5,5,-9.6875,-12.3125,-5.3125,4.5,-7.0625,13.75,-4.25,-15.6875,6.9375,5.4375
470,8,8,-3.125,-3.125,2.9375,3.75,-6.8125,-3.9375,-5.5625,-6.75,9.8125,-4.8125
471,9,9,-4,-4.375,-2.5625,0.5625,0.625,-2.0625,-10.0625,2.5625,-0.9375,7.375
472,6,6,0.875,-5.75,-3.1875,-6.9375,2.625,-2.125,9.9375,-6.8125,-0.875,-1.125
473,1,1,-3.5,6.75,-2.5,-2.75,0.875,-1.875,-2.25,-0.8125,-0.5625,0.0625
474,8,8,-3.3125,-7.6875,0,2.5,-2.625,-5.5,-8.4375,-9.5625,12.9375,1.5
475,4,4,-8.25,-10.3125,-4.4375,-6.875,12.1875,-3.4375,-7.4375,-6.25,1.0625,6.6875
476,1,1,-3,10.3125,-1.5,-5,0.9375,-6.75,-3.75,0.125,0.125,-1.25
477,2,2,-3.0625,6.5,11.5625,2.375,-8,-7.875,-8.875,0.0625,-0.75,-9.875
478,5,5,-6,-6.875,0.25,3.875,-4.6875,6.8125,0.9375,-11.4375,2.5,-3.1875
479,9,9,-5.0625,-7.25,-4.125,2.125,-1.0625,1.6875,-7.25,-7.1875,5.1875,7.25
480,1,1,-1.5625,8.6875,-3.3125,-6.8125,2.0625,-4.75,1.375,-1.1875,0.375,-3.75
481,9,9,-8,-9,-5.5,0.375,2.25,-0.75,-14.25,-0.8125,2.25,13.125
482,7,7,-2.875,-3.375,-0.375,3.375,-6.5625,0.1875,-13.3125,9.6875,-3.1875,1.6875
483,5,5,0.1875,-4.8125,-2.875,-1.375,-3.6875,5.875,-0.625,-2.375,1,0.0625
484,4,4,-10.1875,-5,-6.1875,-6.8125,12.75,-2.9375,-6.9375,-2.625,0.625,5.5625
485,0,0,9.0625,-4.6875,1.125,-5.5,-4.5625,-4.0625,0.1875,-3,-1,-0.8125
486,8,8,-7,-4.5,2,-0.375,0.9375,-7.4375,-8.6875,-1,10.5,0.625
487,9,9,-4.5625,-9.625,-5.5625,-0.25,3.25,0.5,-12.3125,-1.75,-0.9375,10.375
488,9,9,-7,-5.625,-3.625,0.375,2.375,-5.25,-13.9375,2.6875,2.6875,9.0625
489,1,1,-2.3125,8.875,-2.6875,-5.3125,1.875,-5.125,-1.125,0.25,-0.75,-1.1875
490,0,0,5.5625,-6.5,-0.5,-5.5,1.125,-3.25,1.375,-2.125,-4.0625,-2.4375
491,5,5,-4.5,-10.6875,-4.125,1,-4.75,10.25,0.0625,-12.3125,2,6
492,2,2,-1.5,-1.0625,9.125,4,-11.3125,-0.375,-5.5625,-3,3.25,-8
493,3,3,-7.0625,-3.6875,1.8125,16.5625,-12.25,-3.1875,-15,-9.125,5.4375,-1.4375
494,7,7,-2.8125,-3.8125,2.5,3.375,-7.4375,-3.875,-15,10.9375,-1.5,1.0625
495,8,0,6.5625,-9.3125,2.1875,-2.9375,-3.1875,-6.4375,1.25,-10,4.3125,-3.75
496,9,9,-7.0625,-7.3125,-3.8125,0.3125,2.625,-2.5,-11.4375,-1.375,1.5625,11.25
497,4,4,-8.0625,2.125,-7,-5.1875,8.1875,-5.5,-5.5625,-2.1875,2.625,4.5
498,0,0,7.875,-3.3125,-0.625,-8.5,-2.125,-6.375,0.25,-1.625,1.4375,1.0625
499,6,6,-0.8125,-2.8125,-1.6875,-4.375,0.25,0.5625,7,-7.25,2.0625,-3.0625
500,3,3,-7.25,-3.5625,-1.375,16.3125,-10.0625,-0.375,-15.25,-7.6875,2.3125,2.0625
501,9,9,-4.1875,-11.6875,-2,2.375,-1.75,-4.3125,-16.5,1.125,0.4375,13.3125
502,5,5,-8.4375,-4.0625,-5.625,5.8125,-3.875,8.625,-5.5,-10.1875,-0.5625,4.5625
503,2,2,1.3125,-0.3125,16.25,-1,-7.75,-14.4375,-11.5625,3.1875,0.4375,-9.25
504,1,1,-3.5625,8.125,-2.4375,-3.75,2.125,-4.9375,-3.6875,1.5,-2.0625,0.25
505,3,3,-4.625,-5.375,3.5625,15.125,-13.375,-5.9375,-17.875,-4.0625,6.6875,2.625
506,1,1,-0.625,9.625,-3,-7,1.25,-4.4375,0.5625,-0.3125,-0.0625,-3.5625
507,3,3,-8.75,-3.5625,-0.875,9.5,-5.25,1.0625,-11.6875,-8.3125,4.8125,1.1875
508,6,6,0.375,-6.625,-0.9375,-2.9375,-5.1875,4.75,9.5,-12.5625,3.625,-6.75
509,5,5,-6.625,-7.5625,-3.5625,4.8125,-7.75,10.125,-4.3125,-12.0625,3.8125,5.125
510,7,7,-4.875,-4.125,3.625,5.25,-4.6875,-8.625,-17.4375,9.875,1.6875,0.25
511,4,4,-6,4.5625,-6.1875,-5.8125,6.75,-5.9375,-5.125,-0.4375,2.6875,1.875
512,2,2,0.3125,3.25,12.375,1.375,-10,-8.3125,-8,0.875,0.5,-8.5
513,2,2,-1.625,0.6875,15.1875,1.6875,-6.3125,-12.75,-10.9375,1.8125,-1.0625,-9.25
514,6,6,3.25,-5.8125,-2.8125,-6.625,0.9375,-2.6875,9.8125,-6.9375,0.0625,-3.1875
515,3,3,-5.4375,-1.8125,2.6875,8.875,-6.25,-5.0625,-13.4375,1.375,1.5,0.3125
516,2,2,-4.875,-4.0625,11.8125,-2.75,3.0625,-7.125,-6.125,-0.875,-0.5625,-10.125
517,6,6,0.9375,-5.5625,-2.5,-6.25,1.9375,-2.375,11,-9.125,-0.3125,-3.0625
518,5,5,-7.25,-8.6875,-4.875,2.125,-6.1875,13.0625,-0.4375,-14.75,5.625,2
519,4,4,-9.25,2.5625,-8.6875,-4.9375,10.375,-6.0625,-7.625,-0.1875,-0.125,4
520,8,8,-2.4375,0.5,-1.375,-4.25,-0.4375,-3.375,-0.5625,-6.4375,8.5625,-0.875
521,9,9,-7.75,-2.625,-4.9375,1.4375,4.4375,-4,-11.75,-2.25,0.25,8.125
522,7,7,-6.8125,-4.5625,1.25,7.1875,-2.6875,-6.8125,-20.125,8.75,-1.5625,2.5
523,1,1,-4.9375,9.125,-2.375,-5.5625,3.8125,-6.375,-3.9375,-0.3125,3,-4.375
524,3,3,-6.75,0.3125,1.8125,7.875,-4.375,-1.125,-6.875,-5.625,0.5,-5.6875
525,0,0,11.5625,-6.125,0.5625,-6.875,-6.1875,-3.1875,0.9375,-4.3125,-1.4375,-0.8125
526,3,3,-7.1875,-0.375,-1.25,11.8125,-9.8125,1.9375,-12.1875,-8.875,2.5,1.0625
527,8,8,1.375,-7.5,3,-1.3125,-6.3125,-1.5,-2.6875,-8.8125,9.8125,-3.875
528,3,3,-5.5625,0.5,4.9375,6,-5,-3.875,-8.4375,1.125,0.75,-7.875
529,1,1,-4,10.9375,-3.3125,-5.375,2.3125,-5.5,-2.5,-0.875,-0.625,-0.8125
530,9,9,-6.5625,-4.9375,-2.1875,-0.4375,3.6875,-4.625,-9.0625,-4,1.9375,8.1875
531,3,3,-3.3125,-3.5625,1.625,8.5625,-7.0625,-0.8125,-4.0625,-8.0625,0.5625,-2.8125
532,4,4,-2.25,-3.3125,-2.4375,-4.75,7.0625,-6.75,-3.875,-1.75,-2.875,2.75
533,4,4,-5.1875,-5.8125,-2.75,-9.875,12.5625,-7,-0.5625,-3.75,-2.3125,-0.5625
534,6,6,-1,-4.5625,-1.5625,-4.3125,-0.1875,0.25,12.375,-12.3125,-0.375,-7
535,4,4,-5,-7.25,-3,-9.25,10.625,-4.9375,-3.375,-3.125,1.125,3.1875
536,2,2,-2.0625,5.4375,11.1875,1.0625,-9.125,-7.1875,-8.125,2.625,-0.5625,-8.3125
537,1,1,-1.25,10.5,-2.0625,-8.0625,1.3125,-5.875,0.5625,-1,0.125,-2.75
538,8,8,-1,-0.75,-0.8125,-2.3125,-2.4375,-1.3125,-0.4375,-6.3125,7.25,-2.25
539,2,2,0.125,-3.125,12.9375,-0.125,-2.5625,-12.9375,-10.1875,1.8125,0.625,-10.25
540,5,5,-7.125,-11.8125,-5.1875,4.1875,-9.5,12.8125,-3.5625,-14.8125,6.3125,7.6875
541,4,4,-7.8125,-6.25,-6.3125,-9.0625,14.4375,-7.5,-6.625,-2.875,-1,5.5
542,8,8,-6.375,-1.8125,0.625,0.125,0.375,-0.375,-1.875,-4.9375,4.0625,-0.75
543,8,3,-6.6875,0.9375,1.5625,2.875,-1.0625,-3.8125,-7.3125,0.375,2.6875,-1.6875
544,4,4,-7.75,-4.9375,-4,-8.125,12.9375,-6.1875,-6,-1.5,2.3125,1.25
545,0,0,7.8125,-3.125,0.25,-7.375,-2.9375,-5.8125,-2.5625,0.25,0.1875,0.4375
546,0,0,12.0625,-6.8125,-0.1875,-6,-6.3125,-2.4375,1.5625,-5.4375,-2.1875,-1.1875
547,2,2,-1.875,1.5,10.625,3.8125,-11.9375,-5.5,-8.5625,-2.5,6,-10
548,3,3,-7.5,-5.5625,-0.875,10.625,-4.625,0.25,-14.8125,-4.9375,0.5,3.4375
549,2,2,2.875,-3.1875,10.4375,-1.25,-7.875,-7.25,-8.125,2.625,-1.25,-3.375
550,7,7,-6.375,-3.125,-0.9375,4,-1,-5.4375,-14.5,5.875,0.25,4.375
551,7,7,-6.875,1.4375,1.5,4.375,-3.5,-7.5625,-13.5,4.9375,1.6875,0.6875
552,0,0,6.75,-7.0625,-1.0625,-4.1875,-4.0625,-1.6875,2.125,-5.375,1.5,-0.4375
553,8,8,-7.0625,-6.875,-0.5625,-5.3125,1.5625,-0.125,3,-11.3125,10.875,-2.625
554,7,7,-5.3125,0,3.125,-0.1875,0,-5.6875,-9.25,8.8125,-1.0625,-3.75
555,4,4,-4.375,-2.3125,-4.5625,-7.625,10.3125,-6.4375,-3.4375,-1.375,-0.5,2.75
556,4,4,-8.875,-8.75,-1.9375,-8.25,12.625,-5.8125,-4.8125,-6.625,1.1875,3.75
557,7,7,-5.1875,0.4375,3.9375,3.6875,-7.4375,-4.375,-13.875,6.875,0,1.6875
558,9,9,-7.4375,-6.4375,-6.6875,-0.3125,3.5625,-2.8125,-14.375,-0.4375,2.25,12
559,6,6,0.125,-10.75,-4.3125,-10.625,7.0625,-3.5,9.4375,-8.875,-0.3125,1.0625
560,9,9,-5.6875,-5.1875,-3.625,-1,4.25,-6.0625,-11.3125,0.3125,1.25,8.75
561,0,0,8.4375,-8.375,0.0625,-2,-7.75,-0.125,0.3125,-2.75,-3,0.5
562,9,9,-3.4375,-7,-1.0625,-0.1875,-0.25,-3.5,-8.0625,0.1875,1.8125,8.4375
563,8,8,-4.3125,-4.125,1.4375,1.75,-2.0625,-5.0625,-6.875,-5.75,9.1875,1.25
564,0,0,9.4375,-5.25,1.6875,-4.6875,-6.6875,-2.8125,-0.25,-3.0625,-0.3125,-1.5
565,4,4,-10.0625,-2.125,-6.9375,-4.25,10.3125,-5.75,-9.875,0.375,0.5,6.25
566,6,6,-1.1875,-1.5625,-2.25,-4.3125,2.375,-0.6875,6.6875,-5.875,-1.375,-3.1875
567,0,0,7.3125,-3.9375,3,-2.75,-8,-1.9375,-2.125,-1.9375,0.125,-1.75
568,6,6,-2.9375,-4.5625,-1.4375,-3.25,-1.8125,1.375,10.625,-12.875,2.75,-4.9375
569,3,3,-11.9375,-0.6875,1.8125,6.3125,1.25,-1.875,-10.625,-3.9375,0.875,-5.3125
570,5,5,-3.3125,-6,-3.0625,1.6875,-10.125,10.8125,-3.3125,-11.5625,4.9375,2.6875
571,4,4,-5.625,-7.5625,-2.625,-2,6.875,-3.875,-11.6875,-1.5,-0.875,6.25
572,8,8,-5.25,-5.9375,-0.4375,2.25,-2.25,-4.625,-9.9375,-4.375,8.75,5.5
573,3,3,-6.125,-1.0625,0.375,12.875,-8.6875,-0.875,-11.1875,-6.875,0.5,-2.125
574,3,3,-3.5625,-2.875,0.5,11.375,-10.0625,-1.625,-12.8125,-5.4375,3.6875,0.875
575,9,9,-7.75,-6.9375,-7,-1.25,5.4375,-2.125,-13.625,-2.25,1.875,11.625
576,3,3,-7.4375,-2.3125,-0.375,16,-12.875,0.125,-15.6875,-5.9375,3.875,-2
577,3,3,-6.25,-3.3125,-1.375,12.0625,-7.5625,-2.0625,-15.125,-0.4375,1.8125,2.5625
578,3,3,-4.625,-4.125,3.8125,8.25,-8.8125,-4.5625,-13.75,3,3.6875,0.75
579,7,7,-0.75,-1.4375,-1.25,-1.4375,-2.5,-2.8125,-9.5,9.375,-1.5,1.375
580,8,8,-3.125,-3.125,-0.625,0.1875,-4.6875,-4.6875,-8.75,-4.625,12.125,2.125
581,0,0,11.6875,-7.3125,1.0625,-5.375,-9.4375,-0.5625,2.75,-4.9375,-2.6875,-2.6875
582,8,2,-2,0.875,6.9375,3.1875,-5.4375,-8.125,-6.5,-2.25,4.625,-7.5
583,2,2,-4.375,-1.5,6.1875,5.4375,-6.375,-10.4375,-14.9375,5.9375,2.75,-1.5625
584,1,1,-6.75,8.4375,-2.75,-3.375,2.625,-5.375,-5.875,0.375,-0.5,0.6875
585,7,7,-4.375,-1.625,0.0625,3.8125,-5.4375,-2.25,-15.125,10.25,-3.5,2.0625
586,0,0,9.125,-4,1.4375,-4.5,-6.3125,-2,0.625,-4.375,-1.125,-3.25
587,6,6,1.375,-8.9375,-2.0625,-1.5,-2.125,1.625,11.0625,-12.3125,-1.5625,-5.9375
588,5,5,-2.5,-9.875,-4.25,1.75,-5.8125,9.4375,-1.125,-9.75,2.25,2.625
589,4,4,-9.25,-2.375,-6.25,-5.4375,10.8125,-3.1875,-5.75,-2.6875,0.9375,4.75
590,3,3,-8.1875,-1.875,0.3125,16.75,-10.9375,-1.6875,-16.5,-9.9375,4.25,-0.3125
591,8,8,-0.125,1.4375,3.9375,0.5625,-6.4375,-5.4375,-2.5625,-4.6875,4.0625,-9.1875
592,0,0,12.75,-6.4375,1,-7,-6.8125,-4.125,0.6875,-5.5,-1,-1.625
593,9,9,-7.875,-4.1875,-6.5625,-0.875,3.3125,-3.1875,-12.0625,-0.25,4.3125,9
594,6,6,-2,-6.875,-2.1875,-3.9375,-0.9375,1,12.6875,-16.1875,1.9375,-6
595,3,3,-8.125,-2.25,2.5,9.9375,-4.9375,-1.0625,-10.3125,-6.75,2.375,-4.3125
596,8,8,-4.125,-9.6875,1.0625,-1.8125,-3.3125,-2.0625,-5.5,-4.875,11.1875,4.4375
597,0,0,6.3125,-12.8125,-1.0625,-2.6875,-3.875,0.125,1,-4,-3.5,1.875
598,9,9,-8.5625,-6.1875,-4.75,-0.1875,2.75,-3.9375,-14.5625,0.25,3.6875,11.6875
599,9,9,-8.75,-9.8125,-4.25,1.3125,1.25,-1.0625,-14.9375,-1.0625,2.8125,13.6875
600,6,6,-1.25,-6.3125,-2.0625,-5,1.5,0,10.5625,-10.8125,-0.375,-2.625
601,8,8,0.0625,-3,2.0625,-0.625,-3.6875,-7.375,-6.625,-1.9375,8.0625,1.25
602,6,6,1.75,-9.8125,-3.875,-6.6875,1.375,-1.3125,12.3125,-10.4375,-0.25,-0.25
603,8,8,-5.8125,-8,-1.4375,-0.4375,-3,1.5,-3.625,-7.4375,9.5,5.125
604,5,5,-7.9375,-10.625,-7.25,2.6875,-4.9375,14.375,-3.875,-12.3125,4.0625,5
605,7,7,-6,-0.875,-1.0625,2.3125,-0.0625,-7.25,-15.9375,7.625,0,3.1875
606,8,8,-4.125,-3.5,1.75,3.8125,-6,-2.0625,-5.625,-10.125,9.875,-3.5625
607,6,6,-0.0625,-5.9375,-2.875,-4.5,1.1875,-0.5625,10.9375,-9.3125,-0.5625,-4.8125
608,0,0,10.625,-5.875,0.125,-4.875,-6.8125,-2.125,0.75,-5.125,-1.3125,0.1875
609,2,2,0.375,1.5625,10.625,1.125,-9.75,-7.8125,-8.125,1.0625,2,-5.1875
610,4,4,-2.5625,-0.5625,2,-7.1875,6.5,-9.3125,-1.4375,-3.3125,0.8125,-3.375
611,0,0,9.4375,-7,-1.5,-10.0625,-0.875,-4.9375,1.5,-2.25,0.6875,0.0625
612,2,2,-4.5,0.5,12.5,1.3125,-3.375,-9.375,-8.75,1.25,-1.625,-6.8125
613,2,2,0.5,1.3125,6.0625,0.8125,-6.8125,-7.125,-7.5,1.1875,3.5,-3.375
614,3,3,-5.3125,-0.375,-0.4375,8.875,-6.125,-3.625,-13.625,0.5,0.8125,2.5625
615,1,1,-0.4375,10.9375,-1.0625,-9.0625,1.9375,-7.875,0.1875,-1.75,1.25,-7.6875
616,9,9,-8.5625,-8.25,-6.1875,2.625,2.1875,1.1875,-14.6875,-1.6875,0.1875,11.3125
617,7,7,-6.3125,-2.1875,4.6875,5.25,-4.125,-9.25,-16.375,9.1875,0.4375,-1.5625
618,5,5,-4.625,-11.75,-4.5,2.6875,-6.75,12.0625,-1.375,-11.9375,1.3125,6.125
619,1,8,-7.125,4.0625,0.25,-1.4375,-1.125,-4.4375,-5.3125,-1.75,5.0625,-2.625
620,0,0,8.25,-2.0625,4.125,-4.3125,-6,-4.3125,-1.8125,-2.5,-0.5625,-7.25
621,8,8,-2.875,-3.125,0.0625,-0.1875,-3.1875,-2.4375,-3.625,-6.0625,8.5625,0.75
622,4,4,-4.4375,-4.4375,-4.375,-9.6875,12.9375,-8.75,-3.125,-3.8125,-1.8125,2.75
623,6,6,-1.4375,-4.625,-2.5,-6.875,4.5,-0.875,11.4375,-10.5625,-3.5,-7.0625
624,2,2,0.75,4.5,8.875,0.1875,-9.25,-8.375,-6.8125,-0.8125,3.5625,-8.0625
625,6,6,-1.6875,-7.4375,-2.625,-9.1875,7.4375,-2.625,8.25,-10.125,-3.3125,-1.3125
626,7,7,-4.0625,-0.875,3.5625,3.625,-5.875,-7.75,-17.0625,11.875,-1,-0.125
627,9,9,-3.5,-5.0625,-1.6875,-1.1875,1.5,-5.1875,-8.25,0.375,0.875,7.3125
628,3,3,-10.3125,-2.375,0.125,8.25,-2.5,-3.375,-17,0.6875,1.4375,3.125
629,2,2,-1.375,-5.25,6.0625,-0.125,1.125,-4.4375,-6.0625,-0.9375,-1.4375,-3.5625
630,9,9,-7,-8.8125,-4.5625,-2.625,1.8125,2.875,-6.125,-3,3,10
631,8,8,-4.25,-6.6875,1.9375,2.875,-4.25,-5.5,-8.8125,-2.6875,11.5625,-0.5
632,2,2,2.875,-5.25,11.3125,0.8125,-9.1875,-9.5,-8.25,1.4375,1.375,-5.0625
633,2,2,-3,4.3125,13.125,0.125,-5.8125,-9.125,-7.0625,0.625,0.4375,-11.1875
634,9,9,-8.4375,-11.3125,-3.875,3.0625,1.875,-3.25,-20.5625,1.75,-0.3125,14.6875
635,2,2,-1.75,2.4375,8.375,0.75,-4.4375,-6.875,-3.6875,0.4375,-2.25,-10.6875
636,7,7,-2.875,-3.0625,-1.3125,1.4375,-3.5625,-0.0625,-10,8.4375,-2.3125,2
637,3,3,-4.25,-1.125,2.5625,8.875,-6.75,-3.625,-8.375,-4.1875,2.25,-4.75
638,5,5,1.3125,-6.1875,-3.75,-0.875,-6.3125,6.875,-1.875,-1.625,0.875,0.375
639,9,9,-4.3125,-5.6875,-3.6875,-2.25,3.75,-6.75,-10.375,-1.5,2.75,9.125
640,1,1,-7.6875,9.625,-1,-1.6875,1.8125,-5.8125,-6,-0.8125,-0.375,-2
641,8,8,-1.9375,-9.125,0.6875,0.8125,-4.0625,-1.75,-1.8125,-11.75,9.875,-0.5625
642,0,0,6.9375,-9.25,0.3125,-3.3125,-3.125,-1.8125,0.6875,-1.5625,-3.3125,-2.5625
643,2,2,-1.3125,5.5625,13.625,1,-9.5,-9.25,-9.625,2.8125,-1.8125,-9.375
644,0,0,10.125,-6.375,1.875,-6.375,-5.5625,-5,-1.125,-1.875,-0.4375,-0.5
645,5,5,-7.9375,-9,-4.5625,2.375,-2.9375,8.5,0.5625,-15.875,3.875,4.4375
646,2,6,-1.4375,2.0625,2.5,-4.75,2.3125,-3.4375,3.3125,-2.5,-2.6875,-8.9375
647,1,1,-5.8125,9.6875,-1.5,-2.125,1.4375,-6.125,-6.625,1.3125,-1.625,-0.5
648,3,3,-9.0625,-3.5625,-0.5625,15.0625,-8.25,-2.0625,-16.8125,-7.9375,4.75,0.6875
649,7,7,-3.3125,-0.75,0.5,2.625,-4.25,-2.3125,-10.5625,6.875,-1.75,2.1875
650,6,6,2.1875,-4.9375,-3.3125,-3.5,-1.6875,1.5625,9.25,-9.1875,-1.375,-1.6875
651,7,7,-5.5625,-3.0625,-0.625,4.1875,-5.25,-2.8125,-15.625,8.5625,-0.375,4.1875
652,1,1,-3.875,11.75,-3.3125,-5.25,2.1875,-6.25,-3.875,0.25,-1.3125,-0.625
653,2,2,-1.8125,3.6875,11.8125,2.0625,-9.75,-7.4375,-9.25,2.625,-0.5,-6.8125
654,5,5,-2.125,-5,-0.375,-0.5625,-6.0625,6.75,-2.1875,-6.625,3.875,-0.5625
655,8,8,-3.75,-0.9375,6.6875,5.625,-9.25,-7.25,-10.6875,-4.1875,10,-8.8125
656,0,0,11.125,-4.4375,1.9375,-7.125,-8.25,-2,0,-2.9375,-0.875,-3.3125
657,3,3,-6.625,-1.625,1.875,13.8125,-10.6875,-3.75,-14.625,-5.375,4.6875,-2.1875
658,7,7,0.25,-3.125,-3.0625,-5.75,2.625,-2.5625,-8.375,7.375,-4.4375,1.5
659,2,2,-4.9375,4.25,4.5625,1.3125,-4.25,-8.125,-11.125,2.5625,2.1875,-0.6875
660,4,4,-5.8125,-1.5625,0.0625,-7.875,10.875,-7.0625,-3.1875,-2.125,-1.5,-3.25
661,0,0,6.25,-1.75,-0.8125,-4.125,-2.375,-4.125,1.375,-3,-1.875,-2.5625
662,9,9,-8.625,-8.3125,-4.875,2.5625,2.6875,-2.4375,-16.75,-0.9375,0.875,13.1875
663,1,1,-3.9375,11.1875,-4.3125,-5.3125,2.75,-5.4375,-3,-0.6875,-1.0625,-0.1875
664,8,8,-1.875,-2.6875,3.625,-2.125,-6.1875,-0.1875,-2.4375,-5.8125,8.375,-2.5
665,6,6,2.0625,-8.5,-3.4375,-7.0625,1.625,-1.5,12.5,-9.5625,-1.25,-1.6875
666,7,7,-3.3125,0.5,-0.9375,0.3125,-1.9375,-5,-10.9375,7.75,-0.4375,2.5
667,7,7,-1.6875,1.625,2.6875,1.4375,-5.25,-3.875,-7.625,4.3125,0.1875,-1
668,4,4,-8.5,-3.1875,-2.6875,-2.75,8.625,-4.625,-5.4375,-3,-0.5625,0.375
669,3,3,-6.5625,-1.3125,1.125,11.8125,-8.625,-3.375,-14.1875,-1.125,2.5625,-0.1875
670,4,4,-8.5,1.4375,-6.1875,-6.875,12.0625,-7.5625,-7.625,-0.25,1.5,2.6875
671,9,9,-2.5625,-9.9375,-0.3125,-0.8125,0.375,-3.8125,-9.875,0.3125,0,9.625
672,1,1,-1.875,10.25,-2.3125,-6.3125,1.1875,-5.875,-0.875,0,-0.5,-2.1875
673,9,9,-3.125,-10.875,-3.3125,-2.875,2.875,-2.875,-8.9375,-3,4.875,8.6875
674,5,5,-9.125,-5.4375,-3.5625,7.25,-3.625,7.9375,-3.625,-13.4375,0.0625,2.1875
675,1,1,-3.3125,10.625,-3.6875,-5.125,2.25,-5.3125,-2.25,-0.375,-1.0625,-0.6875
676,7,7,-1.1875,-3.75,7.375,3,-9.875,-5.3125,-13.6875,9.75,-0.0625,-2.9375
677,3,3,-3.625,-3.375,3.8125,11.25,-11,-2.4375,-7.5625,-8.1875,2.625,-6.5
678,9,9,-5.0625,-10.0625,-3.125,-1.625,2.75,-2.1875,-9.375,-1.1875,0.5,11
679,7,7,-4.1875,1.125,3.375,2.5,-6.75,-4.375,-13,9,-1.5625,0.25
680,6,6,-1.4375,-8.625,-2.8125,-10.0625,5.625,-0.875,11.8125,-11.1875,-0.375,-2.6875
681,9,9,-8.375,-11.875,-4.125,4.125,0.125,-0.5,-19.8125,0.875,0.5625,13.8125
682,1,1,-4.6875,9.3125,-2.3125,-3.75,2.8125,-5.875,-4.375,1.125,-2.375,-0.25
683,3,3,-7,-2.0625,-2.875,9.6875,-5,2,-9.5,-8.5,1.375,2.9375
684,7,3,-10.1875,1.5625,3.6875,7.0625,-3.75,-6.875,-17.5625,4.625,-0.4375,0.25
685,8,8,-3,-3.8125,2.625,0.5625,-4.25,-4.25,-6.9375,-2.5,8.3125,1.75
686,3,3,-6.0625,-2.375,1.25,14.375,-10.1875,-5.25,-17.25,-2.75,3.4375,1.75
687,3,3,-7.5,-1.625,1.375,12.625,-8.75,-3.125,-14.5625,-3.375,4.0625,0.6875
688,6,6,-0.125,-5.375,-3.0625,-5.6875,-0.3125,2.1875,10.625,-11.6875,1.375,-3.75
689,7,7,-2.125,-0.125,-3.8125,-1.0625,1.6875,-2,-7.625,4.3125,-3.125,3.0625
690,2,2,-1.625,2,11.8125,3.125,-9.4375,-9.6875,-11.4375,0.8125,2.5,-5.625
691,8,8,-10.5625,-3.875,-2,-3.4375,4.375,-3.625,-6.125,-2.5625,7.5625,3.5
692,5,5,-3.1875,-3.5625,-6.3125,1.25,-6.1875,7.9375,-5.5,-2.5,2,3.1875
693,8,8,-4.875,-1.5,-2.6875,-3.6875,0.8125,-4.125,-3.125,-5.8125,10.75,0.6875
694,5,5,-6.875,-1.5625,-8.3125,-1.75,-2.25,8.8125,-1.5,-9.125,6.25,1.4375
695,1,1,-2.625,9.5,-2.6875,-5.4375,1.9375,-6.25,-1.9375,0.875,-0.75,-1.0625
696,1,1,-3.3125,6.6875,0,-0.9375,-3.0625,-2.5,-5.1875,0.875,-0.375,-0.9375
697,4,4,-8.3125,-5.5,-2.8125,-7.75,14,-6.3125,-7.3125,-5.25,0.375,1.9375
698,4,4,-9.1875,-7.1875,-3.5625,-5,9.375,-3.125,-8.875,-2.1875,2.4375,6.3125
699,3,3,-8.5,-4.1875,-2.5625,7.25,-2.5625,-0.375,-15.3125,-0.4375,1.0625,3.8125
700,1,1,-7.5,8.8125,-1.3125,-2.375,0.625,-3.5,-5.375,-1.875,0.8125,-1.125
701,0,0,11.8125,-6.5625,1,-4.125,-6.0625,-4.875,-0.625,-5.3125,-1.625,-2.9375
702,7,7,-3.1875,-0.625,4.0625,2.875,-7.125,-6.5625,-13.9375,8.4375,0.375,1.0625
703,7,7,-6.75,-1.0625,3.4375,7,-4.75,-6.125,-17.625,9.0625,-2,-0.5
704,0,0,9.3125,-2.9375,1.6875,-5.0625,-4.375,-4.5625,-2.25,-1.625,-1.8125,-3.9375
705,7,7,-4.1875,-1.875,0.0625,3.8125,-4,-3.875,-14.375,8.9375,-2,2.9375
706,9,9,-7.5,-6.5,-5.875,0.625,2,0.3125,-12.6875,0.3125,-0.0625,11.3125
707,4,9,-7.75,-3.375,-4.25,-2.875,6.625,-6.625,-8.75,-2.6875,3.625,6.6875
708,4,4,-9.25,-3,-6.75,-6.75,11.1875,-3.3125,-5.0625,-3,1.5625,5.0625
709,8,8,-2.75,-3,2.9375,4,-7.5625,-6,-9,-6,11.3125,-2.4375
710,5,5,-5.6875,-10.6875,-7.5,4.875,-8.625,13.9375,-7.375,-11.1875,4.375,2.5625
711,5,5,-8,-8.5,-4,6.25,-9.5625,12.3125,-5.3125,-15,5,3.5
712,4,4,-6.4375,-4.75,-2.875,-3.3125,9.9375,-5.8125,-9.4375,-4.0625,-3,4.25
713,0,0,8.5,-4.1875,1.6875,-4.625,-7.875,-1.5,-1.6875,-2.1875,-0.5,0.125
714,8,8,-2.75,-5.4375,0.875,0.5625,-4.3125,-0.1875,-3.125,-7.4375,8.375,-1.3125
715,2,2,0.8125,-0.5,14.4375,3.6875,-12.375,-9.8125,-11,2.1875,1.625,-9.25
716,1,1,-1.1875,7.9375,0.0625,-3.3125,-2.375,-6,-5.8125,2.875,0.6875,-2.375
717,0,0,4.3125,-10.125,-0.25,-0.9375,-3.75,1.125,3.0625,-4.625,-3.1875,-1.0625
718,8,8,-2.125,-3.4375,2.5,0.375,-5.0625,-5.0625,-5.4375,-4.9375,9.4375,0.625
719,4,4,-10.625,-9.8125,-5.6875,-7.8125,13.6875,-2.3125,-7.3125,-6.25,3.0625,5.3125
720,5,8,-7.125,-5.625,-0.375,-0.75,-3.1875,3.625,2.75,-11.375,8.4375,-4.25
721,0,0,9.6875,-5.25,1.3125,-2.375,-8.6875,-0.625,-1.125,-4.5625,-2.6875,-0.4375
722,4,4,-8.1875,-8.125,-4.625,-8.125,13.625,-6.8125,-8.5625,-2.8125,-0.8125,6.0625
723,0,0,6.6875,-4.625,-1.3125,-5.875,0.6875,-4.3125,1.4375,-3.375,-2.375,-1.5625
724,6,6,-0.375,-3.625,-1.3125,-2.3125,-0.75,0.9375,8.8125,-7.875,-1.3125,-3.5
725,1,1,-2,9.1875,-2.5625,-5.6875,1.4375,-4.75,-0.5625,-0.3125,-0.75,-1.4375
726,7,9,-6.75,-3.625,-2,0.125,-0.75,2.1875,-7.1875,0.375,0.9375,3.9375
727,3,3,-5.4375,-0.9375,3.125,12,-11.6875,-2.3125,-11.75,-5.0625,3.75,-2.0625
728,2,2,0.3125,-0.9375,11.625,3.25,-11.75,-10,-12.125,1.9375,4.375,-4.5
729,6,6,-1.125,-8,-2.875,-2.625,-3.3125,3.6875,11.875,-16.1875,2.125,-6.25
730,7,7,3.25,-4.25,-1.9375,-3.9375,-3.9375,-0.1875,-4.875,6.1875,-2.125,0.75
731,2,2,1.0625,-2.625,11.75,-0.5,-5.5,-9.1875,-7.625,2,-1.125,-6.25
732,6,6,1.5625,-7.6875,-3.25,-7.5625,1.6875,-2.125,12.0625,-9.4375,-0.125,0
733,9,9,-11.0625,-8.125,-5.5,1.5625,3.4375,-1.125,-15.375,-2.3125,2.9375,13.0625
734,3,3,-8.5,-1.3125,-2.375,10.6875,-5.9375,0.75,-13.5,-6.875,1.8125,4.0625
735,1,1,-4.875,9.625,-0.75,-3.5,0.9375,-4.5,-2.5625,-1,-1.0625,-2.1875
736,4,4,-4.6875,-8.3125,-3,-8.6875,11,-7.5625,-1.375,-7.6875,1.4375,2.125
737,6,6,4.25,-10.125,-2.875,-6.125,1.4375,-1.6875,9.6875,-9.0625,-2.875,-0.0625
738,2,2,1.75,-1.375,10.0625,3.0625,-12.125,-6.9375,-7.6875,-1.8125,5.125,-6.4375
739,5,5,-5.1875,-9.0625,-4.25,3.625,-5.0625,10.9375,0.375,-14.375,0.875,3.375
740,4,9,-9.0625,-3.0625,-4.1875,0.375,5.875,-4.3125,-14.125,0.75,-1.75,7.875
741,2,2,0.75,0.125,11.5625,2.25,-10.75,-9.625,-10.375,2.5,2.4375,-6.125
742,0,0,12.8125,-6.4375,2.75,-8.0625,-8.5,-4.375,-0.6875,-2.0625,-1.25,-3.3125
743,6,6,-1.0625,-3.5625,-2.375,-2.3125,-0.125,0.5625,9.1875,-10.0625,-1.375,-3.9375
744,2,2,-0.6875,0.1875,11.0625,1.875,-6,-7.125,-9.9375,1.625,-0.5,-6.25
745,1,1,-2.375,12.125,-3.5625,-7.25,2.8125,-7.5625,-1.6875,0.8125,-0.5625,-2.8125
746,7,7,-4.6875,-1.625,1.125,2.75,-5.0625,-3.4375,-13.5,7.5625,-0.6875,4.25
747,3,3,-6.125,-3.3125,-0.25,12.625,-10.1875,0,-12.3125,-5,3.75,1.25
748,4,4,-7.625,-4.5625,-2.4375,-3.8125,11.125,-6.625,-10.8125,-3.125,-2.875,4.5625
749,1,1,-1.9375,8.5625,-1.875,-5.125,1.25,-4.5,-1.375,0.125,-0.5625,-1.25
750,0,0,10.125,-5.0625,0,-7.4375,-3.6875,-3.6875,1.75,-4.875,-0.0625,-1.6875
751,5,5,-5.875,-12.8125,-5.1875,3.4375,-8.5625,14.375,-1.9375,-16.125,3.6875,4.6875
752,4,4,-5.75,-1.625,-5.625,-7.4375,13.6875,-10.375,-7.625,-1.4375,-1.75,2.5
753,3,3,-7.0625,-5.125,2.625,15.3125,-9,-5,-19.3125,-4.25,4.1875,2
754,1,1,-2.3125,9.4375,-2.375,-5.625,1.5,-5.625,-1.4375,0.5,-0.6875,-1.1875
755,1,1,-4.6875,8.1875,-2.625,-4,2,-3.4375,-3,-0.5625,-0.625,0.4375
756,7,7,-3.625,-0.3125,4.3125,2.875,-6.75,-6.625,-14.75,10.4375,-1.4375,-0.25
757,4,4,-9.1875,-2.5625,-7.625,-6,13.5,-6.4375,-9.375,-2.1875,0.0625,6.1875
758,9,9,-5.9375,-8.375,-3.125,-0.875,2.8125,-4.4375,-12.625,0.5,2.75,10.875
759,9,9,-6.5625,-7.8125,-2.9375,3.375,-2.1875,-0.1875,-12.0625,-2.0625,3.6875,10.0625
760,4,4,-5.125,-1.5625,-4.875,-2.5625,7.5625,-6.3125,-7.5625,-0.75,-1.125,4.875
761,8,8,2.875,-1.9375,1.9375,-3.75,-5.5,-2.625,1.375,-7.25,5.5625,-4.8125
762,4,4,-5.6875,-10.1875,-4.875,-11,13.6875,-5.375,0.0625,-8.3125,0.0625,4.3125
763,0,0,10.3125,-8.5,2.375,-0.0625,-13.25,0.375,-2.25,-3.25,-3.0625,-0.6875
764,2,2,0.3125,-6.3125,9.375,1.4375,-6.5625,-10.5625,-12.125,4.75,1.25,-1.3125
765,4,4,-7.125,-2.375,-6.625,-8.8125,13.1875,-6.625,-3.9375,-2.0625,0.25,3.875
766,5,5,-6.75,-14,-6.0625,1.8125,-10.25,15.9375,1.25,-18.6875,8,4.4375
767,1,1,-1.875,9.3125,-1.125,-5.375,1.5625,-6.875,-2.0625,1.125,-0.5625,-2.75
768,1,1,-3,11.25,-3.125,-7.125,2.3125,-5.625,-0.375,-1.5625,-0.625,-1.75
769,6,6,1.0625,-5.875,-3.5,-5.375,-1.6875,1.625,11.8125,-12.875,1.75,-3.1875
770,4,4,-3,-3.6875,-2.8125,-12.6875,12.8125,-10.0625,-4,-2.6875,1.625,1.125
771,7,7,-2,-4.75,-1.8125,-0.75,-2.8125,-1.9375,-10.5625,8.5625,-1.4375,5
772,1,1,-4.625,8.875,-2.625,-3.5,1.875,-5.875,-5.625,1.75,-1.375,0.875
773,9,9,-7.25,-6.75,-4.0625,2.1875,1.875,-3.5,-14.375,0.375,1.125,11.0625
774,4,4,-8.8125,-2.5625,-5.0625,-1.6875,7.875,-2.9375,-8.5,-2.125,-0.5625,5.75
775,2,2,0.5625,0.3125,12.9375,2.3125,-11,-10.0625,-11,4.1875,0.0625,-8.3125
776,4,4,-10.75,-7.125,-2.25,-5.5,11.1875,-1.5,-3.6875,-8.125,0.875,0.5625
777,1,1,-5.3125,8.625,-2.3125,-3.375,0.6875,-5.375,-4.75,-1.25,1.5,-0.625
778,5,5,-7.0625,-12.125,-4.5,-1.625,-3.625,12.375,3.4375,-16.25,5.0625,4
779,5,5,-2.125,-5.625,-4.3125,0.6875,-7.25,9.8125,-0.4375,-8.0625,2.3125,0.9375
780,3,3,-3.375,-0.5625,-1.625,9.5,-8.8125,3,-9.3125,-3.3125,-2.3125,-2.6875
781,8,8,-4.875,-2.75,-0.25,2.1875,-3.1875,-0.625,-2.875,-6.6875,7.3125,-1.5625
782,3,3,-7.8125,2.0625,3.5625,11.3125,-7.5,-4.5,-12.5625,-4.9375,2.125,-5.875
783,1,1,-3.375,9.3125,-2.75,-4.3125,2.125,-4.875,-2.625,-0.0625,-1.1875,-0.375
784,4,4,-10.75,-5.75,-5.6875,-4.9375,12.4375,-4.3125,-7.625,-4.5625,1.9375,4.25
785,5,5,-5.3125,-6.8125,-4.125,4.3125,-7.125,10.3125,-2.75,-10.9375,2.25,2.25
786,6,6,0.375,-5.1875,-0.8125,-0.8125,-4.3125,3.3125,7,-9.9375,0.75,-4.75
787,8,8,-5.8125,-8.3125,1.125,5.5,-6,-4.75,-10.5625,-5.8125,11.875,4.5
788,9,9,-7.25,-9.1875,-4.75,1.0625,2.9375,-1.625,-14,-2.3125,2.0625,12.25
789,4,4,-4.6875,-2.5,-5.125,-6.1875,8.9375,-4.875,-2,-2.5625,-1.5,3.375
790,1,1,-1.8125,10.0625,-3.5,-5.9375,-0.1875,-4.625,-1,-1.5625,0.75,-2.0625
791,5,5,-7.9375,-9.875,-4.8125,1.4375,-1.625,9,-6.9375,-5.625,1.4375,6.6875
792,3,3,-6.125,-2.375,2.75,17.25,-13.3125,-3.375,-18.0625,-4.375,4.0625,-1.25
793,8,8,-3.1875,-6.25,1.1875,0.3125,-4.1875,-4.6875,-4.6875,-6.0625,12.0625,-0.5
794,0,0,11.6875,-5.3125,0.125,-7.75,-4.5,-5.0625,0.4375,-3.5,-1.0625,-1.5625
795,3,3,-5.4375,0.6875,1.4375,7.625,-5.5,-0.75,-7.5625,-5.6875,-0.0625,-1.25
796,2,2,-0.75,-4.6875,15.25,-0.25,-4.1875,-10.3125,-9.125,0.6875,0.125,-10.75
797,5,5,-1.1875,-0.8125,-1.4375,-1.9375,-8.1875,6.3125,-1,-3.8125,3.5,0.5
798,1,1,-7,8,-1.625,-2.125,0.875,-4.5625,-5.4375,-1,1.0625,-0.75
799,2,2,-3.8125,3,14.5,1.1875,-5.3125,-10.8125,-12.125,5.625,-4.1875,-10.3125
800,8,8,-0.75,-7.125,0.6875,0.3125,-3.625,-1.1875,-1.4375,-10.6875,8.125,-2.5625
801,3,3,-8.4375,-2.9375,-0.4375,11.875,-3.875,-1.6875,-11.25,-8,1,-2.6875
802,4,4,-3.9375,-4.1875,-3.375,-10.625,11.25,-4.9375,-2.6875,-1.375,0.375,0.25
803,4,4,-5.125,-6,-3.6875,-11.6875,14.3125,-5.6875,-1.125,-5.625,-0.375,-0.6875
804,0,0,8.5625,-10.875,1,-1.125,-9.4375,-0.0625,0.3125,-3.4375,-2.25,1.1875
805,8,8,-1.625,-3.5625,0.4375,1.9375,-7.9375,-1.875,-7.125,-5.5,10.4375,-0.6875
806,8,8,-5.875,-5.4375,0.625,2.5625,-3.875,-3.4375,-5.4375,-7.5625,12.375,-1.5625
807,3,3,-9.5,-4.125,-1.1875,15.4375,-9.625,0.8125,-13.5625,-11.375,4.9375,1.125
808,3,3,-5.0625,-2.9375,-1.8125,11.25,-8.3125,2.9375,-9.6875,-8,-0.5,1.6875
809,1,1,-2.1875,7.4375,-2.5625,-4,0.9375,-3.1875,-1.8125,-0.1875,-0.375,-0.375
810,7,2,-0.75,-2.6875,8.375,1.1875,-7.0625,-7.75,-11.9375,7.125,-2.4375,-2.375
811,3,3,-4.375,-2.0625,0.625,14,-11.875,-1.8125,-15.0625,-3.5,2.5,1.375
812,5,5,-7.625,-14.125,-4.5625,2.9375,-8.4375,15.875,1.4375,-19.6875,5.4375,4.5
813,9,9,-4.6875,-10.75,-1.5625,-2.75,1.3125,-4.875,-9.875,-1,7.5625,9.8125
814,6,6,-1.625,-4.875,-1.6875,-5.1875,2.25,-0.25,11.1875,-10.9375,-1.5,-6.25
815,3,3,-3.8125,-1.5625,0.3125,11.6875,-9.625,-0.8125,-12,-5.375,1.5,1.5625
816,2,2,-0.0625,5.625,14.125,3,-13.6875,-11.0625,-12.125,1.4375,1.625,-9.375
817,6,6,4.875,-7.625,-2.5,-8.4375,2.8125,-3,8.6875,-6.5,-2.9375,-1.5
818,1,1,-3.5,9.625,0.125,-6.0625,-0.6875,-4.3125,1,-4.5,0.5625,-6.0625
819,3,3,-6.5625,-1.8125,-1.5625,15.1875,-8.8125,0.25,-13.6875,-7.75,0.5625,-0.0625
820,6,6,1.5625,-9.25,-2.5625,-4.75,-1.375,0.9375,12.875,-13.875,0.4375,-4.625
821,0,0,9.6875,-5.375,-0.3125,-6.375,-5.625,-1.4375,1.6875,-4.625,-1.1875,0.625
822,7,7,-1.3125,-5.6875,-0.75,2.4375,-8.0625,1.625,-11.125,9,-2.6875,2.0625
823,2,2,1.1875,-3.625,8.625,-1.625,-5.75,-7.375,-5.375,0.3125,1,-2.8125
824,1,1,-1.5625,10,-2.3125,-7,1.375,-4.75,0.0625,-0.6875,-0.3125,-2.25
825,7,7,-3.875,-3.375,-0.125,2.9375,-4.4375,-3.4375,-13.875,9.4375,-1.375,3.6875
826,1,1,-3.125,10.75,-3.8125,-6,2.25,-5.1875,-1.0625,-1.25,-0.625,-1.0625
827,4,4,-7.5,-1.9375,-3.3125,-6.0625,8.25,-4.5625,-5.125,-1.75,4.1875,3.8125
828,2,2,-0.4375,1.125,10.8125,2.875,-10.25,-6.1875,-6.3125,-1.5,3.3125,-8.5625
829,4,4,-5.8125,-1.3125,0.5,-5.9375,7.6875,-7.75,-6.25,-2.1875,4.25,-0.75
830,2,2,-2.6875,1.875,8.9375,-0.75,0,-8.9375,-7.875,2.1875,-0.0625,-7.625
831,1,1,-3.25,9.6875,-3.375,-4,1.25,-7.3125,-5.6875,2.4375,-1,0.375
832,7,7,-6.4375,-1.25,0.3125,4.5625,-0.9375,-6.25,-15.875,8.1875,-2.125,1
833,9,9,-6.3125,-5.375,-7.125,-1.4375,5.5,-1.5,-13.1875,1.25,-2.125,10.25
834,6,6,-3.75,2.4375,0.75,-2.9375,-0.75,-2,7.125,-9.1875,-0.9375,-9.9375
835,1,1,-2,8.6875,-1.8125,-5.3125,1.3125,-5.5,-1.375,0.8125,-0.6875,-1.5625
836,1,1,-1.4375,10.0625,-1.1875,-6.1875,0.8125,-6.5,-1.375,0.4375,0.0625,-3.4375
837,2,2,-0.125,3.75,8.3125,-0.125,-8.75,-4.875,-4.8125,-1.375,2.4375,-5.8125
838,4,4,-9.1875,-6.3125,-4,-7.1875,12.9375,-2.8125,-5.375,-3.5625,-1.6875,2.75
839,8,8,-1.5625,-4.375,-0.5625,2.3125,-5.25,-1.5,-1.5625,-13.8125,7.4375,-4.0625
840,1,1,-0.8125,10.9375,-2.0625,-7.0625,0.6875,-8.25,-3.125,1.375,0.5625,-2.25
841,7,7,-2,-4.9375,0.875,0.1875,-1.75,-3.25,-9.125,7.375,-1.4375,1.75
842,7,7,-2.9375,1,2.125,2.8125,-4.4375,-4.9375,-11.0625,6.8125,-1.1875,0.25
843,4,4,-8.875,-7.125,-5,-9.25,14.875,-4.0625,-5.0625,-5.1875,-0.6875,3.875
844,8,8,-5.1875,-2.75,1.4375,0.5,-2.75,-1.1875,-3.4375,-0.8125,5.3125,-0.8125
845,0,0,10.1875,-4.875,1.1875,-4.4375,-6.8125,-3.5625,-2.6875,-2.0625,-0.25,-2.9375
846,7,7,3,-5.9375,1.25,-3.25,-4.625,-4.9375,-7.5,5.625,-0.4375,3.6875
847,3,3,-7.875,-1.5,1.25,13.5,-10.6875,-2.8125,-14.25,-5,5.75,-1.875
848,1,1,-1.375,11.0625,-4.5625,-7.9375,2.3125,-4.875,0.875,-0.5,-0.25,-4
849,3,3,-5.125,-4.4375,2,14.125,-12.4375,-0.5625,-10.4375,-9.1875,3.25,-0.9375
850,1,1,-2.25,11.125,-0.875,-6,0.5625,-7.875,-3.9375,0.9375,0.125,-1.8125
851,0,0,10.875,-3.6875,-1.125,-7.125,-4.625,-3.9375,1.8125,-5.75,0,-1.6875
852,7,7,-2.5625,-1.75,0.0625,1.625,-2.75,-2.875,-10.625,7.9375,-2.125,1.875
853,7,7,-3.75,1.1875,1.9375,2.5,-5,-7.5625,-15.125,9.3125,1.5,0
854,0,0,10.25,-5.625,-0.0625,-7.625,-3.5,-4.5,-0.0625,-2.875,0.0625,-0.4375
855,3,3,-7.875,-3.625,0.1875,14.125,-9.0625,-3.6875,-16.4375,-4.25,4.875,1.5
856,5,5,-2.0625,-4.9375,-4.625,3.5625,-7.6875,8.3125,-4.9375,-5.3125,1.1875,0.6875
857,5,5,-6.9375,-4.375,-5.8125,4.25,-6.875,10.25,-3.0625,-13.75,2.5625,4.1875
858,2,2,-0.625,-1.4375,10.6875,-1.4375,-2.875,-10.75,-8.1875,2.3125,2.125,-6.75
859,7,7,-3.0625,-1.0625,-1,-0.5,-1.8125,-2.5,-9.9375,7.5625,-1.6875,3.375
860,6,6,-0.125,-7.125,-1.625,-5.0625,-0.3125,0.1875,12.8125,-12.125,-0.3125,-3.9375
861,6,6,0.8125,-5.8125,-1.5625,-3.875,0.375,0.3125,8.75,-9.3125,-0.875,-3.125
862,9,9,-7.3125,-9.625,-5.4375,-0.75,3.375,-0.125,-12.4375,-1.9375,2.6875,12.125
863,2,2,-1.9375,-2.6875,9.9375,-1.5625,-1.5,-7.25,-5.3125,-0.5,2.625,-8.125
864,8,8,-4.1875,-10.0625,0.5,1.75,-5.5,-1.375,-6.875,-11.0625,15.25,0.4375
865,3,3,-4.875,-2.9375,0.3125,10.6875,-8.25,-0.125,-11.75,-5.3125,1.4375,2.1875
866,5,5,-4.125,-10.3125,-3.4375,-3.6875,-3.3125,8.875,3.3125,-12.1875,6.625,2.4375
867,2,2,0.9375,2.8125,11,0.4375,-10.1875,-7.0625,-6.9375,0.625,1.125,-6.9375
868,2,2,-0.1875,-3.3125,7.25,0,-2.875,-8.1875,-7.625,1.1875,1.125,-1.6875
869,5,5,-9,-9.375,-8.4375,4.75,-8.75,14.375,-6.6875,-13.4375,6.75,5.625
870,6,6,-0.6875,-3.0625,-1.8125,-4.125,-2.6875,3.125,9.3125,-10.5625,2.5,-6.9375
871,0,0,12.6875,-6.125,0.5,-8.3125,-4.9375,-5.4375,0.3125,-3.375,-1.6875,-2.75
872,8,8,-5.875,-6.8125,-0.625,1.1875,-2.9375,-4.875,-10.125,-2.375,10.1875,6.5
873,2,2,-0.5,0.9375,11.5625,0.75,-7.3125,-9.8125,-11.625,4.75,-2.9375,-4.5625
874,9,9,-5.125,-2.8125,-3.9375,-1.5625,4.9375,-8.125,-10.625,-0.875,2.4375,6.9375
875,2,2,1.1875,-3.75,10.375,0.4375,-7.6875,-8.625,-8.25,0.75,3.4375,-5.375
876,8,8,-7.9375,-7.9375,4.0625,3.375,-5.5625,-2.125,-5.9375,-10.75,14.0625,-5
877,8,8,-1.9375,-5.0625,0.5625,-5.75,-0.8125,-1.6875,3.875,-9.6875,8.3125,-2.875
878,8,8,-0.9375,-10.125,1.3125,1.3125,-6.6875,-1.9375,-5.6875,-7.0625,10.1875,2.6875
879,8,8,-5.3125,-3.5,2.5,2.25,-4.75,-0.875,-2.3125,-9.375,9.4375,-7.1875
880,7,7,-2.5,-2,5.9375,3.0625,-7.625,-5,-13.4375,9.375,-1.25,-0.9375
881,4,4,-13.125,-3.5625,-7.4375,-1.8125,10.6875,-4.25,-12.3125,-4.125,1.8125,7.8125
882,9,9,-3.625,-0.4375,-3.1875,-2.6875,3.3125,-6.1875,-6.9375,3.625,-0.375,4.5
883,3,3,-4.875,-0.875,-0.3125,6.3125,-6.0625,3,-6.125,-4.5625,0.4375,0.625
884,0,0,9.25,-5.25,0.75,-5,-4.625,-4.1875,-0.125,-3.25,0.125,-0.75
885,6,6,-2.8125,-2.125,-1.0625,-5.625,3.3125,-0.0625,8.8125,-7.25,-2.125,-5.6875
886,6,6,2,-6.1875,-1.25,-5.3125,-0.6875,-0.9375,10.375,-9,-0.8125,-1.875
887,3,3,-7,-3.4375,-0.875,11.6875,-8.6875,0.875,-11.0625,-10.875,4.8125,1.5
888,2,2,-1.6875,-0.5625,11.4375,-0.6875,-2.6875,-13,-12,5.6875,-1.375,-6.125
889,1,1,-3.9375,10,-3.125,-4.875,2.25,-5.3125,-2.5625,-0.125,-1.1875,-0.1875
890,3,3,-7.75,-4.125,-2.1875,10.25,-7.3125,4.6875,-7.8125,-11.8125,2.875,1.5
891,2,2,0.75,4.875,12.625,0.5,-11.1875,-8.625,-7.0625,-0.6875,2,-11.6875
892,2,2,-1.875,-1,11.375,-0.9375,-5.9375,-8.4375,-7.125,3.4375,-0.0625,-5.5
893,9,9,-3.8125,-8.5625,-1.625,1.6875,-1.8125,-3.5625,-13.8125,4.25,0.125,9.5625
894,3,3,-2.0625,-5.375,2.6875,6.25,-7.25,-3.1875,-1.8125,-9.0625,4.6875,-7.375
895,0,0,8.4375,-4,0.875,-6.3125,-4.75,-3.125,2.8125,-6.75,1.3125,-4.75
896,0,0,5.75,-5.5625,-0.4375,-6.5,1.1875,-4.125,1.75,-3.5625,-3.375,-1.625
897,5,5,-2.75,-10.5,-3.4375,-2.3125,-6.4375,12.5,4,-14.25,3.625,2.3125
898,7,7,-6,1.0625,4.4375,5,-4.6875,-9.625,-14.875,7.75,0.75,-3.8125
899,8,8,-5.0625,-7.25,0.5625,2.3125,-6,-0.625,-4.3125,-10.375,13.375,-4.125
900,1,1,-6.5,5.1875,-2.25,2.1875,-0.5,-1.8125,-4.1875,-5,-0.625,-0.6875
901,4,4,-10.25,-6.8125,-5.1875,-4.8125,13.5,-4.875,-12.0625,-1.875,0.0625,4.625
902,4,4,-10,-2.0625,-8.0625,-3.375,9.25,-3.125,-9.6875,0.1875,0.4375,6.375
903,6,6,-0.5,-9.125,-2.4375,-4.125,-0.125,0.6875,10.6875,-13.125,0.625,-0.8125
904,0,0,9.875,-7.9375,-0.8125,-7.4375,-7.4375,-0.375,0.4375,-2.4375,0.6875,1.375
905,2,2,-0.375,-1.6875,13.0625,0.6875,-9.25,-7.75,-10.375,5.125,-2.375,-5.25
906,9,9,-5.75,-10.4375,-4.875,0.5,2.8125,0,-14.5625,1.0625,-1.0625,10.8125
907,1,1,-2.25,9.125,-1.5625,-5.1875,1.875,-6.125,-1.8125,1.1875,-1.25,-2.25
908,4,4,-6.875,-0.1875,-3.4375,-8.6875,12.6875,-8.75,-7.375,0.25,-0.9375,1.5
909,7,7,-4.8125,-2,-1.8125,3.125,-2.75,0.375,-10.1875,5.4375,-1.9375,2.6875
910,4,4,-7.9375,-4.5,-5.75,-9.75,14.625,-5.125,-7.375,-1.5,-0.5,4.375
911,7,7,-4.3125,-0.125,3,3.4375,-5.8125,-7.9375,-16.0625,11,-0.875,-0.4375
912,3,3,-7.6875,-5.5,-3.6875,17.4375,-12.125,2.8125,-16.75,-10.8125,3.6875,4.3125
913,9,9,-6.125,-9.375,-2.875,-2.0625,3.125,-0.75,-8.5,-2.4375,1.25,10.75
914,8,8,-3.8125,-1.75,-0.3125,0.25,-4.75,-1.3125,-2.625,-9.4375,10.125,-2.0625
915,8,8,-4.4375,-0.5,0.1875,0.625,-3.8125,-1.4375,-2.8125,-7.875,7.8125,-2.375
916,4,4,-2.625,-12.625,1.875,-8.3125,9.5625,-5.3125,-4.25,-3.625,0.8125,-1.0625
917,7,7,-3.9375,-2.8125,0.1875,3.375,-5.25,-1.625,-13,8.625,-2.0625,2.75
918,1,1,-3.6875,7.6875,-2.625,-3.125,1.9375,-4,-3.0625,0.3125,-1.5625,0.5
919,2,2,-1.8125,2.625,9.25,1.1875,-6.125,-5.625,-6.75,3.3125,-2.875,-9
920,1,1,-3,8.0625,-2.8125,-4.3125,2,-5.125,-2.5,1.5,-1.4375,-0.0625
921,2,2,-0.6875,-2.5625,13.0625,0,-4,-11.6875,-10.1875,5.25,-2,-9.1875
922,2,2,0.6875,1.375,10.9375,1.5625,-9.9375,-7.1875,-8.3125,1.3125,1.375,-5.9375
923,3,3,-6.3125,-4.3125,0.1875,18.8125,-14.0625,-2.5,-20.625,-4.25,3.875,2.875
924,2,2,-1.8125,-1.1875,8.75,2.875,-8.75,-7.25,-12,6,1.25,-3.125
925,3,3,-7,-1.375,0.25,13.0625,-8,-2.5625,-15.3125,-3.6875,2.625,-1.25
926,2,2,3.25,-5.375,4.4375,-3.75,-2.625,-5.5625,-0.5625,-4.5,4.3125,-3.0625
927,3,3,-4.6875,-3.9375,0.1875,12.75,-10.5625,-0.0625,-9.875,-9,3.125,-0.1875
928,9,9,-6.4375,-9.6875,-2.4375,1.0625,0.875,-1.125,-13.5625,0.1875,1.6875,10.875
929,1,1,-2.9375,8.5625,-2.125,-3.9375,1.5,-5.625,-3.0625,0.875,-0.5625,-0.375
930,7,7,-6.875,-0.4375,4.3125,3.1875,-2.0625,-8.4375,-12.5625,6.25,2,-1.625
931,4,4,-9.3125,-3.0625,-6.375,-3.875,9.75,-2.0625,-7.125,-2.125,-0.5,6
932,0,0,9.6875,-7.8125,-0.3125,-4.25,-6.8125,-1.6875,-0.5625,-3.125,-1.3125,1.4375
933,3,3,-6.5,-1.75,-0.125,12.125,-7.875,-0.375,-11.4375,-6.25,2.6875,-1.375
934,5,5,-6.3125,-12.625,-6.9375,-2.875,-4.25,13.75,1.8125,-13.0625,5.125,7
935,5,5,-6.4375,-7.375,-7.25,4.6875,-5.8125,9.875,-6.75,-6.5625,3.0625,4.125
936,8,8,-4.75,-7.375,-1.75,0.0625,-4.3125,2.875,0.8125,-11.9375,9.75,-0.75
937,6,6,0.3125,-8.875,-3.5625,-7.875,2.9375,-1.0625,12.625,-10.5,-0.125,-1.5
938,3,5,-9.1875,-6,-4.1875,7,-6.0625,7.9375,-7.25,-13.125,5.9375,2.8125
939,2,2,4.0625,-4.875,6.1875,-2.4375,-9.125,-4.5625,-5.9375,2.8125,1.375,-0.8125
940,6,6,-0.875,-9.1875,-1.625,-4.625,-2.625,3.5625,10.4375,-13.75,3.625,-1.9375
941,7,7,-3.25,-4,2.625,3.25,-7.8125,-2,-14.5625,10.1875,-2,2.3125
942,6,6,-0.75,-7.4375,-2.5625,-1.875,-1,1.875,11.5,-13.5625,-1.5,-4.125
943,6,6,-0.125,-2.625,-4.75,-6.5625,1.125,0.6875,9.0625,-9.9375,1.8125,-3
944,3,3,-6.875,4,2.625,6.6875,-7.375,-1.4375,-9.0625,-2,1.5625,-5.0625
945,2,2,0.0625,8,16.625,2.1875,-14.875,-9.625,-9.625,-1.3125,0.4375,-15.75
946,7,7,-3.75,1.0625,1.25,2.75,-4.625,-4.1875,-12.4375,8,-1.875,1.375
947,8,9,-3.9375,-7.4375,-1.0625,0.1875,0.5,-6.0625,-10.1875,-4.4375,6.3125,7.4375
948,1,1,-4.3125,9.5625,-2.0625,-3.5,2.0625,-4.5,-3.5,0.0625,-2.0625,-0.5625
949,1,1,-5.6875,8.8125,-2.625,-3.5,1.875,-2.9375,-1.125,-3.25,-0.625,-1.875
950,7,7,-4.5,-2.5,5,4.125,-3.625,-13.3125,-18,8.375,2.125,0.9375
951,5,9,-8.5625,-6.6875,-7.4375,-1.75,3.375,5.5625,-7.1875,-1.9375,2.75,6.0625
952,6,6,0.875,-6.625,-3.0625,-4.5,1.9375,-0.625,6.6875,-5.9375,-1.375,0.0625
953,4,4,-8.5625,0.375,-7.6875,-7.375,13.75,-7.6875,-8.5625,0.125,-1.8125,4.4375
954,9,9,-9.1875,-5.75,-5.1875,3.0625,2.8125,-2.5,-15.8125,-1,0.375,11.125
955,5,5,-7.8125,-12.5625,-5.875,2.5625,-3.9375,11.6875,3.625,-20.6875,3.5,4.8125
956,1,1,-7,3.5,3.1875,0.8125,-0.875,-0.4375,-0.125,-6.3125,-3.125,-6.625
957,3,3,-6.1875,-3.3125,-3.125,10.875,-6.1875,1.9375,-9.9375,-9.125,2.4375,1.4375
958,3,3,0.125,-1.5625,1.5625,6.125,-8.875,0.125,-5.25,-3.3125,-1.25,-3.25
959,4,4,-9,-0.5,-3.125,0.25,5.5,-2.6875,-7.5625,-3.4375,0.8125,3.125
960,7,7,-7,-2.875,-3.875,2.4375,0.4375,-3,-14.25,4.75,1.125,4.5
961,8,8,-3,-2.375,1.375,0.1875,-4,-5,-5.625,-6.625,11.375,-2.25
962,9,9,-6.6875,-4.625,-3.5625,0.75,2.125,-4.3125,-13.0625,3.125,1.75,7.75
963,1,1,-2.8125,7.75,-2.5625,-4.5,1.9375,-4.4375,-1.75,0.625,-1.0625,-0.1875
964,1,1,-1.875,7.3125,-1.3125,-3.8125,1.3125,-5,-1.8125,1.125,-1,-1.8125
965,6,6,4.3125,-4.125,-1.3125,-2.9375,-3.625,0.8125,5.375,-7.125,-1.1875,-6.5
966,9,9,-6.75,-7,-5.25,-1.25,2.625,-3.5,-12.125,-0.5625,5.5625,10.3125
967,1,1,-2.4375,10.6875,-2,-6.5,1.875,-6.25,-1.6875,0.0625,-0.625,-1.75
968,4,4,-10.6875,-0.4375,-6.9375,-5.0625,12.4375,-4.9375,-7.125,-3.125,0.0625,4.375
969,4,4,-4.0625,-6.3125,-2.5,-4.0625,4.5625,-0.9375,-3.9375,-1.5625,2.625,4.25
970,5,5,-7.8125,-10.6875,-4.75,0.625,-3.8125,12.3125,-0.25,-14,3.6875,5.75
971,4,4,-10.3125,-6.4375,-4.9375,-6.9375,14.375,-6.8125,-8.0625,-3.9375,2.625,3.5
972,0,0,13.6875,-6.3125,1.3125,-7.9375,-9.0625,-3,0.3125,-4.6875,-1.25,-1.9375
973,6,6,1.6875,-6,-2.8125,-5.625,0.4375,-0.6875,11.25,-8,-0.875,-3.125
974,2,2,1.1875,3,14.5625,1.5,-13.1875,-8.0625,-9.125,0.4375,0.4375,-8.4375
975,2,2,2.3125,-6.0625,8.5,3.3125,-8.1875,-8.3125,-8.75,0.5,2,-4.125
976,3,3,-6.125,-1.875,1.8125,11.1875,-9.1875,-2.5,-11.9375,-4.6875,4.8125,0.375
977,1,1,-2.0625,10.8125,-2.4375,-7.3125,2.75,-8,-0.6875,-1,-0.625,-2.625
978,5,5,-7.9375,-12.875,-5.6875,3.75,-9,14.3125,-3.875,-16.6875,6.625,7.8125
979,1,1,-5.1875,9.25,0.4375,-2.4375,-0.375,-5.75,-4.8125,-0.125,0.1875,-2.8125
980,2,2,-2,1.375,10.9375,0.125,-3.75,-7.8125,-6.1875,1.875,-1.125,-7.875
981,0,0,11.125,-5.3125,0.375,-7.5625,-4.375,-3.9375,1.875,-5.1875,-0.9375,-2.1875
982,3,3,-2.375,0.5625,7.6875,10.5625,-14.125,-6.8125,-14.5625,0.5625,2.6875,-4.6875
983,8,8,-3.4375,-2.9375,-0.3125,-0.375,-1.5625,-4.75,-4.125,-7.625,10.5,0.1875
984,1,1,-3.9375,8.9375,-3.0625,-3.9375,2.5625,-4.625,-3,0.0625,-1.6875,0.1875
985,2,2,-0.25,2.375,12.4375,1.625,-11.625,-7.125,-6.8125,-3,4.125,-8.8125
986,6,6,0.3125,-8.0625,-3.0625,-4.9375,-1.375,1.625,12.4375,-13.875,1.5625,-2.8125
987,7,7,-4.875,-1.4375,-1.1875,2.1875,-2.5,-2.0625,-11.1875,8.5625,-1.875,1.4375
988,1,1,-4.5,5.5625,-1.875,-2.0625,0.1875,-2.125,-3.75,-0.1875,0.4375,0.5625
989,6,6,3.1875,-6,-0.3125,-4.25,-1.5625,-0.9375,7.625,-6.5625,-0.25,-2.1875
990,2,2,-3.5,0.6875,8.1875,2.5,-2.625,-9.5625,-10.875,5.3125,-1.4375,-6.4375
991,3,3,-6.875,-3.0625,0.0625,15.75,-14.625,1.5,-15.625,-2.5625,2.6875,-1.625
992,9,9,-6.5,-8.125,-3.375,-1.3125,1.3125,-2.625,-11.25,0.125,5.4375,10.3125
993,0,0,9.4375,-4.5625,-0.625,-5.5,-5.3125,-3.1875,-1.5,-2.0625,-0.25,-0.1875
994,1,1,-8.875,8.9375,0.125,-1.9375,0.0625,-3.8125,-6.0625,-1.75,1.3125,-2.75
995,2,2,4.5,-6.375,8.0625,-1.1875,-4.25,-8.3125,-9.5,0.9375,-3.375,-1.8125
996,2,2,-2.0625,5.125,14.0625,0.8125,-8.0625,-8.9375,-6.5625,-0.3125,-0.6875,-14.6875
997,0,0,12.5,-5.5,1.4375,-5.625,-7,-4.3125,-0.625,-4.625,-1.375,-5.375
998,8,8,-2.8125,-7.8125,2.4375,3.625,-5,-5.3125,-10.375,-1.625,9.0625,1.25
999,9,9,-4.6875,-7.25,-2.375,-0.5625,1.5625,-2.1875,-10.1875,2,0.1875,8.6875
